Disaster,State,County,City,Zip Code,Valid Registrations,Average FEMA Inspected Damage,Total Inspected,Total Damage,No FEMA Inspected Damage,"FEMA Inspected Damage between $1 and $10,000","FEMA Inspected Damage between $10,001 and $20,000","FEMA Inspected Damage between $20,001 and $30,000","FEMA Inspected Damage > $30,000",Approved for FEMA Assistance,Total Approved IHP Amount,Repair/Replace Amount,Rental Amount,Other Needs Amount,"Approved between $1 and $10,000","Approved between $10,001 and $25,000","Approved between $25,001 and Max",Total Max Grants
4382,CA,Lake (County),BAKERSFIELD,93314,1, $-   ,1, $-   ,1,0,0,0,0,0,$0 ,$0 ,$0 ,$0 ,0,0,0,0
4382,CA,Lake (County),CLEARLAKE,95422,12, $-   ,4, $-   ,4,0,0,0,0,0,$0 ,$0 ,$0 ,$0 ,0,0,0,0
4382,CA,Lake (County),CLEAR LAKE OAKS,95423,1,"$7,786.10 ",1,"$7,786.10 ",0,1,0,0,0,1,"$7,786.10 ","$7,786 ",$0 ,$0 ,1,0,0,0
4382,CA,Lake (County),CLEARLAKE OAKS,95423,89,"$43,527.90 ",43,"$1,871,699.55 ",20,6,0,2,15,14,"$389,110.33 ","$312,417 ","$29,882 ","$46,812 ",4,1,9,0
4382,CA,Lake (County),GLENHAVEN,95443,3, $-   ,2, $-   ,2,0,0,0,0,0,$0 ,$0 ,$0 ,$0 ,0,0,0,0
4382,CA,Lake (County),HIDDEN VALLEY LAKE,95467,1, $-   ,1, $-   ,1,0,0,0,0,0,$0 ,$0 ,$0 ,$0 ,0,0,0,0
4382,CA,Lake (County),IRVINE,92602,1, $-   ,1, $-   ,1,0,0,0,0,0,$0 ,$0 ,$0 ,$0 ,0,0,0,0
4382,CA,Lake (County),KELSEYVILLE,95451,33, $-   ,10, $-   ,10,0,0,0,0,0,$0 ,$0 ,$0 ,$0 ,0,0,0,0
4382,CA,Lake (County),LAKEPORT,95453,108,"$25,706.79 ",22,"$565,549.31 ",17,1,0,1,3,5,"$103,874.85 ","$89,947 ","$4,230 ","$9,698 ",2,0,3,0
4382,CA,Lake (County),LOCH LOMOND,95461,1, $-   ,1, $-   ,1,0,0,0,0,0,$0 ,$0 ,$0 ,$0 ,0,0,0,0
4382,CA,Lake (County),LUCERNE,95458,55,"$50,584.59 ",22,"$1,112,861.01 ",15,0,1,1,5,4,"$150,662.07 ","$112,650 ","$9,630 ","$28,382 ",0,1,3,0
4382,CA,Lake (County),MIDDLETOWN,95461,1, $-   ,1, $-   ,1,0,0,0,0,0,$0 ,$0 ,$0 ,$0 ,0,0,0,0
4382,CA,Lake (County),NICE,95464,57,"$13,156.69 ",19,"$249,977.17 ",18,0,0,0,1,0,$0 ,$0 ,$0 ,$0 ,0,0,0,0
4382,CA,Lake (County),NICE,95482,1, $-   ,1, $-   ,1,0,0,0,0,0,$0 ,$0 ,$0 ,$0 ,0,0,0,0
4382,CA,Lake (County),NICE,95485,3,$458.65 ,3,"$1,375.94 ",2,1,0,0,0,0,$0 ,$0 ,$0 ,$0 ,0,0,0,0
4382,CA,Lake (County),PETALUMA,94952,1, $-   ,1, $-   ,1,0,0,0,0,0,$0 ,$0 ,$0 ,$0 ,0,0,0,0
4382,CA,Lake (County),POTTER VALLEY,95469,8, $-   ,1, $-   ,1,0,0,0,0,0,$0 ,$0 ,$0 ,$0 ,0,0,0,0
4382,CA,Lake (County),SACRAMENTO,95831,2, $-   ,1, $-   ,1,0,0,0,0,0,$0 ,$0 ,$0 ,$0 ,0,0,0,0
4382,CA,Lake (County),SANTA ROSA,95407,1, $-   ,1, $-   ,1,0,0,0,0,0,$0 ,$0 ,$0 ,$0 ,0,0,0,0
4382,CA,Lake (County),UPPER LAKE,95453,1, $-   ,1, $-   ,1,0,0,0,0,0,$0 ,$0 ,$0 ,$0 ,0,0,0,0
4382,CA,Lake (County),UPPER LAKE,95464,4, $-   ,2, $-   ,2,0,0,0,0,0,$0 ,$0 ,$0 ,$0 ,0,0,0,0
4382,CA,Lake (County),UPPER LAKE,95485,167,"$67,667.41 ",75,"$5,075,055.75 ",32,3,1,2,37,36,"$840,028.75 ","$639,292 ","$51,064 ","$149,673 ",13,4,19,0
4382,CA,Lake (County),UPPERLAKE,95485,2,"$127,411.16 ",2,"$254,822.31 ",1,0,0,0,1,1,"$2,660.00 ",$0 ,"$2,660 ",$0 ,1,0,0,0
4382,CA,Lake (County),WATERFORD,95386,1, $-   ,1, $-   ,1,0,0,0,0,0,$0 ,$0 ,$0 ,$0 ,0,0,0,0
4382,CA,Lake (County),WITTER SPRINGS,95493,11,"$85,754.13 ",6,"$514,524.80 ",2,1,1,0,2,4,"$73,868.61 ","$70,213 ","$3,656 ",$0 ,2,0,2,0
4382,CA,Shasta (County),ANDERSON,96007,48, $-   ,19, $-   ,19,0,0,0,0,0,$0 ,$0 ,$0 ,$0 ,0,0,0,0
4382,CA,Shasta (County),BELLA VISTA,96008,5, $-   ,1, $-   ,1,0,0,0,0,0,$0 ,$0 ,$0 ,$0 ,0,0,0,0
4382,CA,Shasta (County),BURNEY,96013,10, $-   ,2, $-   ,2,0,0,0,0,0,$0 ,$0 ,$0 ,$0 ,0,0,0,0
4382,CA,Shasta (County),CASTELLA,96017,1,"$40,576.21 ",1,"$40,576.21 ",0,0,0,0,1,1,"$26,397.62 ","$24,972 ","$1,426 ",$0 ,0,0,1,0
4382,CA,Shasta (County),COTTONWOOD,96022,29, $-   ,19, $-   ,19,0,0,0,0,0,$0 ,$0 ,$0 ,$0 ,0,0,0,0
4382,CA,Shasta (County),DUNSMUIR,96025,1, $-   ,1, $-   ,1,0,0,0,0,0,$0 ,$0 ,$0 ,$0 ,0,0,0,0
4382,CA,Shasta (County),FALL RIVER MILLS,96028,2, $-   ,1, $-   ,1,0,0,0,0,0,$0 ,$0 ,$0 ,$0 ,0,0,0,0
4382,CA,Shasta (County),FRENCH GULCH,96033,120,"$53,071.97 ",60,"$3,184,318.01 ",31,7,0,5,17,28,"$671,164.49 ","$559,713 ","$43,576 ","$67,875 ",9,3,16,0
4382,CA,Shasta (County),IGO,96047,30,$235.99 ,7,"$1,651.94 ",6,1,0,0,0,1,"$1,651.94 ","$1,652 ",$0 ,$0 ,1,0,0,0
4382,CA,Shasta (County),LAKEHEAD,96051,48,"$102,512.77 ",16,"$1,640,204.31 ",4,3,0,1,8,12,"$315,023.33 ","$257,881 ","$15,342 ","$41,801 ",4,0,8,0
4382,CA,Shasta (County),MILLVILLE,96062,1, $-   ,1, $-   ,1,0,0,0,0,0,$0 ,$0 ,$0 ,$0 ,0,0,0,0
4382,CA,Shasta (County),MONTGOMERY CREEK,96065,1, $-   ,1, $-   ,1,0,0,0,0,0,$0 ,$0 ,$0 ,$0 ,0,0,0,0
4382,CA,Shasta (County),OLD STATION,96071,3, $-   ,2, $-   ,2,0,0,0,0,0,$0 ,$0 ,$0 ,$0 ,0,0,0,0
4382,CA,Shasta (County),ONO,96047,1, $-   ,1, $-   ,1,0,0,0,0,0,$0 ,$0 ,$0 ,$0 ,0,0,0,0
4382,CA,Shasta (County),PALO CEDRO,96073,5, $-   ,2, $-   ,2,0,0,0,0,0,$0 ,$0 ,$0 ,$0 ,0,0,0,0
4382,CA,Shasta (County),REDDING,96001,727,"$65,681.83 ",176,"$11,560,002.14 ",74,6,0,14,82,71,"$2,085,564.03 ","$1,605,375 ","$122,229 ","$357,960 ",20,1,50,0
4382,CA,Shasta (County),REDDING,96002,83,$14.62 ,22,$321.54 ,21,1,0,0,0,0,$0 ,$0 ,$0 ,$0 ,0,0,0,0
4382,CA,Shasta (County),REDDING,96003,537,"$37,646.42 ",80,"$3,011,713.58 ",59,6,0,0,15,9,"$312,849.33 ","$263,840 ","$13,138 ","$35,871 ",1,0,8,0
4382,CA,Shasta (County),REDDING,96099,1, $-   ,1, $-   ,1,0,0,0,0,0,$0 ,$0 ,$0 ,$0 ,0,0,0,0
4382,CA,Shasta (County),ROUND MOUNTAIN,96008,1, $-   ,1, $-   ,1,0,0,0,0,0,$0 ,$0 ,$0 ,$0 ,0,0,0,0
4382,CA,Shasta (County),SAN JUAN CAPISTRANO,92675,1, $-   ,1, $-   ,1,0,0,0,0,0,$0 ,$0 ,$0 ,$0 ,0,0,0,0
4382,CA,Shasta (County),SHASTA,96001,1,"$241,749.18 ",1,"$241,749.18 ",0,0,0,0,1,1,"$44,788.04 ","$34,000 ","$1,426 ","$9,362 ",0,0,1,0
4382,CA,Shasta (County),SHASTA,96087,219,"$62,884.59 ",76,"$4,779,229.16 ",16,7,0,5,48,39,"$1,138,320.36 ","$933,803 ","$58,394 ","$146,124 ",10,1,28,0
4382,CA,Shasta (County),SHASTA LAKE,96019,100, $-   ,28, $-   ,28,0,0,0,0,0,$0 ,$0 ,$0 ,$0 ,0,0,0,0
4382,CA,Shasta (County),SHASTA LAKE,96089,1, $-   ,1, $-   ,1,0,0,0,0,0,$0 ,$0 ,$0 ,$0 ,0,0,0,0
4382,CA,Shasta (County),SHINGLETOWN,96088,5, $-   ,2, $-   ,2,0,0,0,0,0,$0 ,$0 ,$0 ,$0 ,0,0,0,0
4382,CA,Shasta (County),WHISKEYTOWN,96095,6,"$92,906.86 ",3,"$278,720.59 ",1,0,0,1,1,1,"$44,501.88 ","$34,000 ","$1,426 ","$9,076 ",0,0,1,0
4353,CA,Los Angeles (County),AGOURA HILLS,91301,1, $-   ,1, $-   ,1,0,0,0,0,0,$0 ,$0 ,$0 ,$0 ,0,0,0,0
4353,CA,Los Angeles (County),ALHAMBRA,91801,1, $-   ,1, $-   ,1,0,0,0,0,0,$0 ,$0 ,$0 ,$0 ,0,0,0,0
4353,CA,Los Angeles (County),ALTADENA,91001,1, $-   ,1, $-   ,1,0,0,0,0,0,$0 ,$0 ,$0 ,$0 ,0,0,0,0
4353,CA,Los Angeles (County),ARCADIA,91007,1, $-   ,1, $-   ,1,0,0,0,0,0,$0 ,$0 ,$0 ,$0 ,0,0,0,0
4353,CA,Los Angeles (County),ARLETA,91331,1, $-   ,1, $-   ,1,0,0,0,0,0,$0 ,$0 ,$0 ,$0 ,0,0,0,0
4353,CA,Los Angeles (County),BEVERLY HILLS,90210,4, $-   ,4, $-   ,4,0,0,0,0,0,$0 ,$0 ,$0 ,$0 ,0,0,0,0
4353,CA,Los Angeles (County),BURBANK,91501,2, $-   ,2, $-   ,2,0,0,0,0,0,$0 ,$0 ,$0 ,$0 ,0,0,0,0
4353,CA,Los Angeles (County),CANYON COUNTRY,91387,5, $-   ,3, $-   ,3,0,0,0,0,0,$0 ,$0 ,$0 ,$0 ,0,0,0,0
4353,CA,Los Angeles (County),CERRITOS,90703,1, $-   ,1, $-   ,1,0,0,0,0,0,$0 ,$0 ,$0 ,$0 ,0,0,0,0
4353,CA,Los Angeles (County),CHATSWORTH,91311,1,"$4,720.01 ",1,"$4,720.01 ",0,1,0,0,0,0,$0 ,$0 ,$0 ,$0 ,0,0,0,0
4353,CA,Los Angeles (County),DOWNEY,90240,1, $-   ,1, $-   ,1,0,0,0,0,0,$0 ,$0 ,$0 ,$0 ,0,0,0,0
4353,CA,Los Angeles (County),DOWNEY,90241,1, $-   ,1, $-   ,1,0,0,0,0,0,$0 ,$0 ,$0 ,$0 ,0,0,0,0
4353,CA,Los Angeles (County),DOWNEY,90242,1, $-   ,1, $-   ,1,0,0,0,0,0,$0 ,$0 ,$0 ,$0 ,0,0,0,0
4353,CA,Los Angeles (County),GARDENA,90247,1, $-   ,1, $-   ,1,0,0,0,0,0,$0 ,$0 ,$0 ,$0 ,0,0,0,0
4353,CA,Los Angeles (County),GARDENA,90249,1, $-   ,1, $-   ,1,0,0,0,0,0,$0 ,$0 ,$0 ,$0 ,0,0,0,0
4353,CA,Los Angeles (County),GLENDALE,91202,1, $-   ,1, $-   ,1,0,0,0,0,0,$0 ,$0 ,$0 ,$0 ,0,0,0,0
4353,CA,Los Angeles (County),GLENDALE,91206,1, $-   ,1, $-   ,1,0,0,0,0,0,$0 ,$0 ,$0 ,$0 ,0,0,0,0
4353,CA,Los Angeles (County),GLENDALE,91207,1, $-   ,1, $-   ,1,0,0,0,0,0,$0 ,$0 ,$0 ,$0 ,0,0,0,0
4353,CA,Los Angeles (County),GRANADA HILLS,91344,1, $-   ,1, $-   ,1,0,0,0,0,0,$0 ,$0 ,$0 ,$0 ,0,0,0,0
4353,CA,Los Angeles (County),INGLEWOOD,90302,1, $-   ,1, $-   ,1,0,0,0,0,0,$0 ,$0 ,$0 ,$0 ,0,0,0,0
4353,CA,Los Angeles (County),KAGEL CANYON,91342,5,$167.35 ,3,$502.04 ,2,1,0,0,0,0,$0 ,$0 ,$0 ,$0 ,0,0,0,0
4353,CA,Los Angeles (County),LA CANADA FLINTRIDGE,91011,2, $-   ,2, $-   ,2,0,0,0,0,0,$0 ,$0 ,$0 ,$0 ,0,0,0,0
4353,CA,Los Angeles (County),LAKE VIEW TERRACE,91342,11,$652.74 ,4,"$2,610.95 ",1,3,0,0,0,0,$0 ,$0 ,$0 ,$0 ,0,0,0,0
4353,CA,Los Angeles (County),LAKEWOOD,90712,1, $-   ,1, $-   ,1,0,0,0,0,0,$0 ,$0 ,$0 ,$0 ,0,0,0,0
4353,CA,Los Angeles (County),LANCASTER,93535,2, $-   ,2, $-   ,2,0,0,0,0,0,$0 ,$0 ,$0 ,$0 ,0,0,0,0
4353,CA,Los Angeles (County),LANCASTER,93536,2, $-   ,2, $-   ,2,0,0,0,0,0,$0 ,$0 ,$0 ,$0 ,0,0,0,0
4353,CA,Los Angeles (County),LA PUENTE,91744,1, $-   ,1, $-   ,1,0,0,0,0,0,$0 ,$0 ,$0 ,$0 ,0,0,0,0
4353,CA,Los Angeles (County),LONG BEACH,90802,1, $-   ,1, $-   ,1,0,0,0,0,0,$0 ,$0 ,$0 ,$0 ,0,0,0,0
4353,CA,Los Angeles (County),LONG BEACH,90803,1, $-   ,1, $-   ,1,0,0,0,0,0,$0 ,$0 ,$0 ,$0 ,0,0,0,0
4353,CA,Los Angeles (County),LONG BEACH,90807,1, $-   ,1, $-   ,1,0,0,0,0,0,$0 ,$0 ,$0 ,$0 ,0,0,0,0
4353,CA,Los Angeles (County),LOS ANGELE,90016,1, $-   ,1, $-   ,1,0,0,0,0,0,$0 ,$0 ,$0 ,$0 ,0,0,0,0
4353,CA,Los Angeles (County),LOS ANGELES,90001,1, $-   ,1, $-   ,1,0,0,0,0,0,$0 ,$0 ,$0 ,$0 ,0,0,0,0
4353,CA,Los Angeles (County),LOS ANGELES,90004,1, $-   ,1, $-   ,1,0,0,0,0,0,$0 ,$0 ,$0 ,$0 ,0,0,0,0
4353,CA,Los Angeles (County),LOS ANGELES,90013,1, $-   ,1, $-   ,1,0,0,0,0,0,$0 ,$0 ,$0 ,$0 ,0,0,0,0
4353,CA,Los Angeles (County),LOS ANGELES,90016,1, $-   ,1, $-   ,1,0,0,0,0,0,$0 ,$0 ,$0 ,$0 ,0,0,0,0
4353,CA,Los Angeles (County),LOS ANGELES,90019,2, $-   ,2, $-   ,2,0,0,0,0,0,$0 ,$0 ,$0 ,$0 ,0,0,0,0
4353,CA,Los Angeles (County),LOS ANGELES,90024,2, $-   ,2, $-   ,2,0,0,0,0,0,$0 ,$0 ,$0 ,$0 ,0,0,0,0
4353,CA,Los Angeles (County),LOS ANGELES,90025,1, $-   ,1, $-   ,1,0,0,0,0,0,$0 ,$0 ,$0 ,$0 ,0,0,0,0
4353,CA,Los Angeles (County),LOS ANGELES,90028,1, $-   ,1, $-   ,1,0,0,0,0,0,$0 ,$0 ,$0 ,$0 ,0,0,0,0
4353,CA,Los Angeles (County),LOS ANGELES,90031,1, $-   ,1, $-   ,1,0,0,0,0,0,$0 ,$0 ,$0 ,$0 ,0,0,0,0
4353,CA,Los Angeles (County),LOS ANGELES,90033,1, $-   ,1, $-   ,1,0,0,0,0,0,$0 ,$0 ,$0 ,$0 ,0,0,0,0
4353,CA,Los Angeles (County),LOS ANGELES,90036,1, $-   ,1, $-   ,1,0,0,0,0,0,$0 ,$0 ,$0 ,$0 ,0,0,0,0
4353,CA,Los Angeles (County),LOS ANGELES,90045,2, $-   ,2, $-   ,2,0,0,0,0,0,$0 ,$0 ,$0 ,$0 ,0,0,0,0
4353,CA,Los Angeles (County),LOS ANGELES,90047,3, $-   ,3, $-   ,3,0,0,0,0,0,$0 ,$0 ,$0 ,$0 ,0,0,0,0
4353,CA,Los Angeles (County),LOS ANGELES,90049,4,"$9,659.94 ",2,"$19,319.87 ",1,0,1,0,0,0,$0 ,$0 ,$0 ,$0 ,0,0,0,0
4353,CA,Los Angeles (County),LOS ANGELES,90061,2, $-   ,2, $-   ,2,0,0,0,0,0,$0 ,$0 ,$0 ,$0 ,0,0,0,0
4353,CA,Los Angeles (County),LOS ANGELES,90065,1, $-   ,1, $-   ,1,0,0,0,0,0,$0 ,$0 ,$0 ,$0 ,0,0,0,0
4353,CA,Los Angeles (County),LOS ANGELES,90066,2, $-   ,2, $-   ,2,0,0,0,0,0,$0 ,$0 ,$0 ,$0 ,0,0,0,0
4353,CA,Los Angeles (County),LOS ANGELES,90077,1, $-   ,1, $-   ,1,0,0,0,0,0,$0 ,$0 ,$0 ,$0 ,0,0,0,0
4353,CA,Los Angeles (County),LOS ANGELES,91342,1,"$236,264.50 ",1,"$236,264.50 ",0,0,0,0,1,1,"$44,736.11 ","$34,000 ","$2,568 ","$8,168 ",0,0,1,0
4353,CA,Los Angeles (County),LOS ANGELES,91352,1, $-   ,1, $-   ,1,0,0,0,0,1,"$1,284.00 ",$0 ,"$1,284 ",$0 ,1,0,0,0
4353,CA,Los Angeles (County),MALIBU,90265,1, $-   ,1, $-   ,1,0,0,0,0,0,$0 ,$0 ,$0 ,$0 ,0,0,0,0
4353,CA,Los Angeles (County),MANHATTAN BEACH,90266,1, $-   ,1, $-   ,1,0,0,0,0,0,$0 ,$0 ,$0 ,$0 ,0,0,0,0
4353,CA,Los Angeles (County),MISSION HILLS,91345,1, $-   ,1, $-   ,1,0,0,0,0,0,$0 ,$0 ,$0 ,$0 ,0,0,0,0
4353,CA,Los Angeles (County),NORTH HOLLYWOOD,91605,2, $-   ,2, $-   ,2,0,0,0,0,0,$0 ,$0 ,$0 ,$0 ,0,0,0,0
4353,CA,Los Angeles (County),NORTH HOLLYWOOD,91606,1, $-   ,1, $-   ,1,0,0,0,0,0,$0 ,$0 ,$0 ,$0 ,0,0,0,0
4353,CA,Los Angeles (County),NORTHRIDGE,91325,1, $-   ,1, $-   ,1,0,0,0,0,0,$0 ,$0 ,$0 ,$0 ,0,0,0,0
4353,CA,Los Angeles (County),NORWALK,90650,1, $-   ,1, $-   ,1,0,0,0,0,0,$0 ,$0 ,$0 ,$0 ,0,0,0,0
4353,CA,Los Angeles (County),PACIFIC PALISADES,90272,2, $-   ,2, $-   ,2,0,0,0,0,0,$0 ,$0 ,$0 ,$0 ,0,0,0,0
4353,CA,Los Angeles (County),PACOIMA,91331,3, $-   ,1, $-   ,1,0,0,0,0,0,$0 ,$0 ,$0 ,$0 ,0,0,0,0
4353,CA,Los Angeles (County),PANORAMA CITY,91402,1, $-   ,1, $-   ,1,0,0,0,0,0,$0 ,$0 ,$0 ,$0 ,0,0,0,0
4353,CA,Los Angeles (County),PASADENA,91103,1, $-   ,1, $-   ,1,0,0,0,0,0,$0 ,$0 ,$0 ,$0 ,0,0,0,0
4353,CA,Los Angeles (County),PASADENA,91104,1, $-   ,1, $-   ,1,0,0,0,0,0,$0 ,$0 ,$0 ,$0 ,0,0,0,0
4353,CA,Los Angeles (County),PASADENA,91105,1, $-   ,1, $-   ,1,0,0,0,0,0,$0 ,$0 ,$0 ,$0 ,0,0,0,0
4353,CA,Los Angeles (County),PICO RIVERA,90660,2, $-   ,1, $-   ,1,0,0,0,0,0,$0 ,$0 ,$0 ,$0 ,0,0,0,0
4353,CA,Los Angeles (County),RESEDA,91335,1, $-   ,1, $-   ,1,0,0,0,0,0,$0 ,$0 ,$0 ,$0 ,0,0,0,0
4353,CA,Los Angeles (County),ROSEWOOD,90222,1, $-   ,1, $-   ,1,0,0,0,0,0,$0 ,$0 ,$0 ,$0 ,0,0,0,0
4353,CA,Los Angeles (County),SAN DIMAS,91773,1, $-   ,1, $-   ,1,0,0,0,0,0,$0 ,$0 ,$0 ,$0 ,0,0,0,0
4353,CA,Los Angeles (County),SAN FERNANDO,91342,1, $-   ,1, $-   ,1,0,0,0,0,0,$0 ,$0 ,$0 ,$0 ,0,0,0,0
4353,CA,Los Angeles (County),SAN GABRIEL,91775,1, $-   ,1, $-   ,1,0,0,0,0,0,$0 ,$0 ,$0 ,$0 ,0,0,0,0
4353,CA,Los Angeles (County),SAN MARINO,91108,1, $-   ,1, $-   ,1,0,0,0,0,0,$0 ,$0 ,$0 ,$0 ,0,0,0,0
4353,CA,Los Angeles (County),SAN PEDRO,90731,1, $-   ,1, $-   ,1,0,0,0,0,0,$0 ,$0 ,$0 ,$0 ,0,0,0,0
4353,CA,Los Angeles (County),SAN PEDRO,90732,2, $-   ,2, $-   ,2,0,0,0,0,0,$0 ,$0 ,$0 ,$0 ,0,0,0,0
4353,CA,Los Angeles (County),SANTA CLARITA,91387,1, $-   ,1, $-   ,1,0,0,0,0,0,$0 ,$0 ,$0 ,$0 ,0,0,0,0
4353,CA,Los Angeles (County),SAUGUS,91350,1, $-   ,1, $-   ,1,0,0,0,0,0,$0 ,$0 ,$0 ,$0 ,0,0,0,0
4353,CA,Los Angeles (County),SHADOW HILLS,91040,2, $-   ,1, $-   ,1,0,0,0,0,0,$0 ,$0 ,$0 ,$0 ,0,0,0,0
4353,CA,Los Angeles (County),STUDIO CITY,91604,1, $-   ,1, $-   ,1,0,0,0,0,0,$0 ,$0 ,$0 ,$0 ,0,0,0,0
4353,CA,Los Angeles (County),SUNLAND,91040,26,"$2,834.37 ",8,"$22,674.97 ",1,6,1,0,0,4,"$10,796.79 ","$3,427 ","$7,370 ",$0 ,4,0,0,0
4353,CA,Los Angeles (County),SUN VALLEY,91352,8,"$5,826.91 ",6,"$34,961.47 ",3,2,0,0,1,4,"$43,767.79 ","$34,022 ","$9,746 ",$0 ,3,0,1,0
4353,CA,Los Angeles (County),SYLMAR,91342,107,"$40,992.12 ",50,"$2,049,606.10 ",10,24,1,2,13,18,"$196,407.56 ","$152,291 ","$22,522 ","$21,595 ",14,0,4,0
4353,CA,Los Angeles (County),TOLUCA LAKE,91602,1, $-   ,1, $-   ,1,0,0,0,0,0,$0 ,$0 ,$0 ,$0 ,0,0,0,0
4353,CA,Los Angeles (County),TORRANCE,90505,1, $-   ,1, $-   ,1,0,0,0,0,0,$0 ,$0 ,$0 ,$0 ,0,0,0,0
4353,CA,Los Angeles (County),TUJUNGA,91042,1, $-   ,1, $-   ,1,0,0,0,0,0,$0 ,$0 ,$0 ,$0 ,0,0,0,0
4353,CA,Los Angeles (County),VALENCIA,91355,1, $-   ,1, $-   ,1,0,0,0,0,0,$0 ,$0 ,$0 ,$0 ,0,0,0,0
4353,CA,Los Angeles (County),VALLEY VILLAGE,91607,2, $-   ,2, $-   ,2,0,0,0,0,0,$0 ,$0 ,$0 ,$0 ,0,0,0,0
4353,CA,Los Angeles (County),VAN NUYS,91405,2, $-   ,2, $-   ,2,0,0,0,0,0,$0 ,$0 ,$0 ,$0 ,0,0,0,0
4353,CA,Los Angeles (County),VAN NUYS,91411,1, $-   ,1, $-   ,1,0,0,0,0,0,$0 ,$0 ,$0 ,$0 ,0,0,0,0
4353,CA,Los Angeles (County),WHITTIER,90601,1, $-   ,1, $-   ,1,0,0,0,0,0,$0 ,$0 ,$0 ,$0 ,0,0,0,0
4353,CA,Los Angeles (County),WINNETKA,91306,1, $-   ,1, $-   ,1,0,0,0,0,0,$0 ,$0 ,$0 ,$0 ,0,0,0,0
4353,CA,Los Angeles (County),WOODLAND HILLS,91364,1, $-   ,1, $-   ,1,0,0,0,0,0,$0 ,$0 ,$0 ,$0 ,0,0,0,0
4353,CA,San Diego (County),BONSALL,92003,53,"$43,310.77 ",11,"$476,418.50 ",5,1,0,1,4,2,"$61,075.36 ","$55,475 ","$5,600 ",$0 ,0,1,1,0
4353,CA,San Diego (County),CHULA VISTA,91911,2, $-   ,2, $-   ,2,0,0,0,0,0,$0 ,$0 ,$0 ,$0 ,0,0,0,0
4353,CA,San Diego (County),CHULA VISTA,91915,1, $-   ,1, $-   ,1,0,0,0,0,0,$0 ,$0 ,$0 ,$0 ,0,0,0,0
4353,CA,San Diego (County),DEL MAR,92014,1, $-   ,1, $-   ,1,0,0,0,0,0,$0 ,$0 ,$0 ,$0 ,0,0,0,0
4353,CA,San Diego (County),ENCINITAS,92024,1, $-   ,1, $-   ,1,0,0,0,0,0,$0 ,$0 ,$0 ,$0 ,0,0,0,0
4353,CA,San Diego (County),ESCONDIDO,92025,1, $-   ,1, $-   ,1,0,0,0,0,0,$0 ,$0 ,$0 ,$0 ,0,0,0,0
4353,CA,San Diego (County),ESCONDIDO,92026,1, $-   ,1, $-   ,1,0,0,0,0,0,$0 ,$0 ,$0 ,$0 ,0,0,0,0
4353,CA,San Diego (County),ESCONDIDO,92027,1, $-   ,1, $-   ,1,0,0,0,0,0,$0 ,$0 ,$0 ,$0 ,0,0,0,0
4353,CA,San Diego (County),FALLBROOK,92028,98,"$31,291.04 ",74,"$2,315,536.60 ",6,22,1,0,45,9,"$239,768.97 ","$172,475 ","$30,412 ","$36,882 ",3,0,6,0
4353,CA,San Diego (County),LAKESIDE,92040,1, $-   ,1, $-   ,1,0,0,0,0,0,$0 ,$0 ,$0 ,$0 ,0,0,0,0
4353,CA,San Diego (County),OCEANSIDE,92057,1, $-   ,1, $-   ,1,0,0,0,0,0,$0 ,$0 ,$0 ,$0 ,0,0,0,0
4353,CA,San Diego (County),SAN DIEGO,92104,1, $-   ,1, $-   ,1,0,0,0,0,0,$0 ,$0 ,$0 ,$0 ,0,0,0,0
4353,CA,San Diego (County),SAN DIEGO,92109,1, $-   ,1, $-   ,1,0,0,0,0,0,$0 ,$0 ,$0 ,$0 ,0,0,0,0
4353,CA,San Diego (County),SAN DIEGO,92114,1, $-   ,1, $-   ,1,0,0,0,0,0,$0 ,$0 ,$0 ,$0 ,0,0,0,0
4353,CA,San Diego (County),SAN DIEGO,92115,1, $-   ,1, $-   ,1,0,0,0,0,0,$0 ,$0 ,$0 ,$0 ,0,0,0,0
4353,CA,San Diego (County),SAN DIEGO,92120,1, $-   ,1, $-   ,1,0,0,0,0,0,$0 ,$0 ,$0 ,$0 ,0,0,0,0
4353,CA,San Diego (County),SAN DIEGO,92122,2, $-   ,2, $-   ,2,0,0,0,0,0,$0 ,$0 ,$0 ,$0 ,0,0,0,0
4353,CA,San Diego (County),SAN DIEGO,92126,2, $-   ,2, $-   ,2,0,0,0,0,0,$0 ,$0 ,$0 ,$0 ,0,0,0,0
4353,CA,San Diego (County),SAN DIEGO,92128,4, $-   ,4, $-   ,4,0,0,0,0,0,$0 ,$0 ,$0 ,$0 ,0,0,0,0
4353,CA,San Diego (County),SAN DIEGO,92129,1, $-   ,1, $-   ,1,0,0,0,0,0,$0 ,$0 ,$0 ,$0 ,0,0,0,0
4353,CA,San Diego (County),SAN DIEGO,92139,1, $-   ,1, $-   ,1,0,0,0,0,0,$0 ,$0 ,$0 ,$0 ,0,0,0,0
4353,CA,San Diego (County),VISTA,92083,1, $-   ,1, $-   ,1,0,0,0,0,0,$0 ,$0 ,$0 ,$0 ,0,0,0,0
4353,CA,San Diego (County),VISTA,92084,1, $-   ,1, $-   ,1,0,0,0,0,0,$0 ,$0 ,$0 ,$0 ,0,0,0,0
4353,CA,San Diego (County),WARNER SPRINGS,92086,1, $-   ,1, $-   ,1,0,0,0,0,0,$0 ,$0 ,$0 ,$0 ,0,0,0,0
4353,CA,Santa Barbara (County),BUELLTON,93427,1, $-   ,1, $-   ,1,0,0,0,0,0,$0 ,$0 ,$0 ,$0 ,0,0,0,0
4353,CA,Santa Barbara (County),CARPINTERIA,93013,78,"$1,160.88 ",25,"$29,021.98 ",7,18,0,0,0,6,"$5,994.45 ","$2,571 ","$2,594 ",$830 ,6,0,0,0
4353,CA,Santa Barbara (County),GOLETA,93117,5, $-   ,1, $-   ,1,0,0,0,0,0,$0 ,$0 ,$0 ,$0 ,0,0,0,0
4353,CA,Santa Barbara (County),LOMPOC,93436,1, $-   ,1, $-   ,1,0,0,0,0,0,$0 ,$0 ,$0 ,$0 ,0,0,0,0
4353,CA,Santa Barbara (County),LOS OLIVOS,93441,1, $-   ,1, $-   ,1,0,0,0,0,0,$0 ,$0 ,$0 ,$0 ,0,0,0,0
4353,CA,Santa Barbara (County),MONTECITO,93108,66,"$19,350.02 ",28,"$541,800.47 ",9,12,2,1,4,21,"$167,501.79 ","$129,667 ","$37,835 ",$0 ,17,1,3,0
4353,CA,Santa Barbara (County),OXNARD,93035,2, $-   ,1, $-   ,1,0,0,0,0,0,$0 ,$0 ,$0 ,$0 ,0,0,0,0
4353,CA,Santa Barbara (County),SANTA BARBARA,93101,22,$584.12 ,5,"$2,920.58 ",1,4,0,0,0,2,"$2,836.50 ",$243 ,"$2,594 ",$0 ,2,0,0,0
4353,CA,Santa Barbara (County),SANTA BARBARA,93103,9,"$2,572.58 ",2,"$5,145.16 ",1,1,0,0,0,1,$199.99 ,$0 ,$0 ,$200 ,1,0,0,0
4353,CA,Santa Barbara (County),SANTA BARBARA,93105,21,$288.73 ,3,$866.18 ,2,1,0,0,0,2,"$2,439.01 ",$866 ,"$1,573 ",$0 ,2,0,0,0
4353,CA,Santa Barbara (County),SANTA BARBARA,93108,462,"$19,515.20 ",256,"$4,995,891.85 ",104,97,17,3,35,171,"$1,368,876.33 ","$908,526 ","$404,798 ","$55,552 ",137,13,21,0
4353,CA,Santa Barbara (County),SANTA BARBARA,93109,5, $-   ,3, $-   ,3,0,0,0,0,0,$0 ,$0 ,$0 ,$0 ,0,0,0,0
4353,CA,Santa Barbara (County),SANTA BARBARA,93110,11,$620.99 ,5,"$3,104.97 ",2,3,0,0,0,0,$0 ,$0 ,$0 ,$0 ,0,0,0,0
4353,CA,Santa Barbara (County),SANTA BARBARA,93111,4, $-   ,1, $-   ,1,0,0,0,0,0,$0 ,$0 ,$0 ,$0 ,0,0,0,0
4353,CA,Santa Barbara (County),SANTA MARIA,93455,1, $-   ,1, $-   ,1,0,0,0,0,0,$0 ,$0 ,$0 ,$0 ,0,0,0,0
4353,CA,Santa Barbara (County),SANTA YNEZ,93460,2, $-   ,1, $-   ,1,0,0,0,0,0,$0 ,$0 ,$0 ,$0 ,0,0,0,0
4353,CA,Santa Barbara (County),SOLVANG,93463,3, $-   ,1, $-   ,1,0,0,0,0,0,$0 ,$0 ,$0 ,$0 ,0,0,0,0
4353,CA,Santa Barbara (County),SUMMERLAND,93067,6,$732.42 ,2,"$1,464.84 ",1,1,0,0,0,0,$0 ,$0 ,$0 ,$0 ,0,0,0,0
4353,CA,Ventura (County),CAMARILLO,93010,3, $-   ,1, $-   ,1,0,0,0,0,0,$0 ,$0 ,$0 ,$0 ,0,0,0,0
4353,CA,Ventura (County),CAMARILLO,93012,1, $-   ,1, $-   ,1,0,0,0,0,0,$0 ,$0 ,$0 ,$0 ,0,0,0,0
4353,CA,Ventura (County),CARPINTERIA,93013,1, $-   ,1, $-   ,1,0,0,0,0,0,$0 ,$0 ,$0 ,$0 ,0,0,0,0
4353,CA,Ventura (County),CARPINTERIA,93014,1, $-   ,1, $-   ,1,0,0,0,0,0,$0 ,$0 ,$0 ,$0 ,0,0,0,0
4353,CA,Ventura (County),ENCINO,91436,1, $-   ,1, $-   ,1,0,0,0,0,0,$0 ,$0 ,$0 ,$0 ,0,0,0,0
4353,CA,Ventura (County),FILLMORE,93015,4, $-   ,1, $-   ,1,0,0,0,0,0,$0 ,$0 ,$0 ,$0 ,0,0,0,0
4353,CA,Ventura (County),MOORPARK,93021,1, $-   ,1, $-   ,1,0,0,0,0,0,$0 ,$0 ,$0 ,$0 ,0,0,0,0
4353,CA,Ventura (County),OAK VIEW,93022,19,"$5,730.41 ",5,"$28,652.03 ",1,3,0,1,0,4,"$37,665.22 ","$23,901 ","$9,572 ","$4,192 ",3,0,1,0
4353,CA,Ventura (County),OJAI,93023,111,"$53,535.88 ",39,"$2,087,899.34 ",9,13,0,8,9,22,"$383,690.51 ","$334,220 ","$36,302 ","$13,168 ",11,3,8,0
4353,CA,Ventura (County),OXNARD,93030,2, $-   ,1, $-   ,1,0,0,0,0,0,$0 ,$0 ,$0 ,$0 ,0,0,0,0
4353,CA,Ventura (County),OXNARD,93033,1, $-   ,1, $-   ,1,0,0,0,0,0,$0 ,$0 ,$0 ,$0 ,0,0,0,0
4353,CA,Ventura (County),OXNARD,93035,1, $-   ,1, $-   ,1,0,0,0,0,0,$0 ,$0 ,$0 ,$0 ,0,0,0,0
4353,CA,Ventura (County),OXNARD,93036,3, $-   ,1, $-   ,1,0,0,0,0,0,$0 ,$0 ,$0 ,$0 ,0,0,0,0
4353,CA,Ventura (County),PORT HUENEME,93041,2, $-   ,1, $-   ,1,0,0,0,0,0,$0 ,$0 ,$0 ,$0 ,0,0,0,0
4353,CA,Ventura (County),SANTA PAULA,93060,79,"$52,884.68 ",17,"$899,039.52 ",3,3,1,6,4,11,"$199,681.93 ","$136,987 ","$61,757 ",$938 ,4,5,2,0
4353,CA,Ventura (County),SIMI VALLEY,93063,1, $-   ,1, $-   ,1,0,0,0,0,0,$0 ,$0 ,$0 ,$0 ,0,0,0,0
4353,CA,Ventura (County),THOUSAND OAKS,91360,1, $-   ,1, $-   ,1,0,0,0,0,0,$0 ,$0 ,$0 ,$0 ,0,0,0,0
4353,CA,Ventura (County),THOUSAND OAKS,91362,1, $-   ,1, $-   ,1,0,0,0,0,0,$0 ,$0 ,$0 ,$0 ,0,0,0,0
4353,CA,Ventura (County),VENTURA,93001,148,"$39,743.39 ",29,"$1,152,558.25 ",13,6,0,4,6,12,"$230,873.96 ","$168,595 ","$31,040 ","$31,239 ",5,2,5,0
4353,CA,Ventura (County),VENTURA,93003,507,"$122,873.75 ",35,"$4,300,581.31 ",8,6,2,0,19,4,"$54,308.62 ","$43,218 ","$10,018 ","$1,073 ",2,1,1,0
4353,CA,Ventura (County),VENTURA,93004,5, $-   ,3, $-   ,3,0,0,0,0,0,$0 ,$0 ,$0 ,$0 ,0,0,0,0
4344,CA,Butte (County),BANGOR,95914,54,"$48,015.38 ",27,"$1,296,415.21 ",7,2,1,5,12,19,"$407,336.29 ","$344,897 ","$29,154 ","$33,285 ",6,2,11,8
4344,CA,Butte (County),BERRY CREEK,95916,2, $-   ,1, $-   ,1,0,0,0,0,0,$0 ,$0 ,$0 ,$0 ,0,0,0,0
4344,CA,Butte (County),BIGGS,95917,10, $-   ,5, $-   ,5,0,0,0,0,1,$500.00 ,$0 ,$0 ,$500 ,1,0,0,0
4344,CA,Butte (County),CHICO,95926,66, $-   ,21, $-   ,21,0,0,0,0,3,"$1,500.00 ",$0 ,$0 ,"$1,500 ",3,0,0,0
4344,CA,Butte (County),CHICO,95927,1, $-   ,1, $-   ,1,0,0,0,0,0,$0 ,$0 ,$0 ,$0 ,0,0,0,0
4344,CA,Butte (County),CHICO,95928,65, $-   ,22, $-   ,22,0,0,0,0,5,"$2,500.00 ",$0 ,$0 ,"$2,500 ",5,0,0,0
4344,CA,Butte (County),CHICO,95973,55, $-   ,14, $-   ,14,0,0,0,0,2,"$1,000.00 ",$0 ,$0 ,"$1,000 ",2,0,0,0
4344,CA,Butte (County),CLIPPER MILLS,95930,1, $-   ,1, $-   ,1,0,0,0,0,0,$0 ,$0 ,$0 ,$0 ,0,0,0,0
4344,CA,Butte (County),DURHAM,95938,12, $-   ,3, $-   ,3,0,0,0,0,1,$500.00 ,$0 ,$0 ,$500 ,1,0,0,0
4344,CA,Butte (County),FOREST RANCH,95942,2, $-   ,2, $-   ,2,0,0,0,0,0,$0 ,$0 ,$0 ,$0 ,0,0,0,0
4344,CA,Butte (County),GRIDLEY,95948,7, $-   ,5, $-   ,5,0,0,0,0,1,$500.00 ,$0 ,$0 ,$500 ,1,0,0,0
4344,CA,Butte (County),MAGALIA,95954,23, $-   ,12, $-   ,12,0,0,0,0,1,$500.00 ,$0 ,$0 ,$500 ,1,0,0,0
4344,CA,Butte (County),OROVILLE,95965,31,"$2,782.53 ",18,"$50,085.45 ",17,0,0,0,1,3,"$11,333.91 ",$0 ,"$1,570 ","$9,764 ",2,1,0,0
4344,CA,Butte (County),OROVILLE,95966,60,"$5,030.56 ",28,"$140,855.74 ",25,0,0,0,3,4,"$45,898.70 ","$31,114 ","$6,264 ","$8,521 ",2,1,1,1
4344,CA,Butte (County),PALERMO,95968,7, $-   ,2, $-   ,2,0,0,0,0,0,$0 ,$0 ,$0 ,$0 ,0,0,0,0
4344,CA,Butte (County),PARADISE,95969,37, $-   ,21, $-   ,21,0,0,0,0,2,"$1,000.00 ",$0 ,$0 ,"$1,000 ",2,0,0,0
4344,CA,Butte (County),RICHVALE,95974,1, $-   ,1, $-   ,1,0,0,0,0,0,$0 ,$0 ,$0 ,$0 ,0,0,0,0
4344,CA,Lake (County),CLEARLAKE,95422,144,"$67,487.25 ",42,"$2,834,464.48 ",11,7,0,0,24,35,"$366,275.21 ","$314,240 ","$19,295 ","$32,741 ",25,0,10,10
4344,CA,Lake (County),CLEARLAKE OAKS,95423,13, $-   ,7, $-   ,7,0,0,0,0,0,$0 ,$0 ,$0 ,$0 ,0,0,0,0
4344,CA,Lake (County),CLEARLAKE PARK,95422,2, $-   ,1, $-   ,1,0,0,0,0,0,$0 ,$0 ,$0 ,$0 ,0,0,0,0
4344,CA,Lake (County),CLEARLAKE PARK,95424,16,"$60,032.59 ",6,"$360,195.51 ",2,1,0,0,3,3,"$68,500.00 ","$64,344 ","$3,656 ",$500 ,1,0,2,2
4344,CA,Lake (County),CLEARLAKE PK,95423,1, $-   ,1, $-   ,1,0,0,0,0,0,$0 ,$0 ,$0 ,$0 ,0,0,0,0
4344,CA,Lake (County),COBB,95426,2, $-   ,2, $-   ,2,0,0,0,0,0,$0 ,$0 ,$0 ,$0 ,0,0,0,0
4344,CA,Lake (County),HIDDEN VALLEY LAKE,95467,12, $-   ,2, $-   ,2,0,0,0,0,1,$500.00 ,$0 ,$0 ,$500 ,1,0,0,0
4344,CA,Lake (County),KELSEYVILLE,95451,25, $-   ,7, $-   ,7,0,0,0,0,0,$0 ,$0 ,$0 ,$0 ,0,0,0,0
4344,CA,Lake (County),LAKEPORT,95453,24, $-   ,5, $-   ,5,0,0,0,0,0,$0 ,$0 ,$0 ,$0 ,0,0,0,0
4344,CA,Lake (County),LOCH LOMOND,95461,1, $-   ,1, $-   ,1,0,0,0,0,0,$0 ,$0 ,$0 ,$0 ,0,0,0,0
4344,CA,Lake (County),LOWER LAKE,95457,9, $-   ,6, $-   ,6,0,0,0,0,0,$0 ,$0 ,$0 ,$0 ,0,0,0,0
4344,CA,Lake (County),LUCERNE,95458,4, $-   ,4, $-   ,4,0,0,0,0,0,$0 ,$0 ,$0 ,$0 ,0,0,0,0
4344,CA,Lake (County),MIDDLETOWN,95461,5, $-   ,1, $-   ,1,0,0,0,0,0,$0 ,$0 ,$0 ,$0 ,0,0,0,0
4344,CA,Lake (County),NICE,95464,1, $-   ,1, $-   ,1,0,0,0,0,0,$0 ,$0 ,$0 ,$0 ,0,0,0,0
4344,CA,Lake (County),UPPER LAKE,95485,5, $-   ,5, $-   ,5,0,0,0,0,2,"$1,000.00 ",$0 ,$0 ,"$1,000 ",2,0,0,0
4344,CA,Mendocino (County),ALBION,95410,2, $-   ,2, $-   ,2,0,0,0,0,0,$0 ,$0 ,$0 ,$0 ,0,0,0,0
4344,CA,Mendocino (County),ANDERSON,96007,1, $-   ,1, $-   ,1,0,0,0,0,0,$0 ,$0 ,$0 ,$0 ,0,0,0,0
4344,CA,Mendocino (County),BOONVILLE,95415,1, $-   ,1, $-   ,1,0,0,0,0,0,$0 ,$0 ,$0 ,$0 ,0,0,0,0
4344,CA,Mendocino (County),CLOVERDALE,95425,1, $-   ,1, $-   ,1,0,0,0,0,0,$0 ,$0 ,$0 ,$0 ,0,0,0,0
4344,CA,Mendocino (County),COVELO,95428,2, $-   ,1, $-   ,1,0,0,0,0,0,$0 ,$0 ,$0 ,$0 ,0,0,0,0
4344,CA,Mendocino (County),DOS RIOS,95429,1, $-   ,1, $-   ,1,0,0,0,0,0,$0 ,$0 ,$0 ,$0 ,0,0,0,0
4344,CA,Mendocino (County),ELK,95432,2, $-   ,1, $-   ,1,0,0,0,0,0,$0 ,$0 ,$0 ,$0 ,0,0,0,0
4344,CA,Mendocino (County),FORT BRAGG,95437,35, $-   ,18, $-   ,18,0,0,0,0,1,$500.00 ,$0 ,$0 ,$500 ,1,0,0,0
4344,CA,Mendocino (County),GUALALA,95445,3, $-   ,1, $-   ,1,0,0,0,0,0,$0 ,$0 ,$0 ,$0 ,0,0,0,0
4344,CA,Mendocino (County),HOPLAND,95449,5, $-   ,2, $-   ,2,0,0,0,0,0,$0 ,$0 ,$0 ,$0 ,0,0,0,0
4344,CA,Mendocino (County),LITTLE RIVER,95456,2, $-   ,1, $-   ,1,0,0,0,0,0,$0 ,$0 ,$0 ,$0 ,0,0,0,0
4344,CA,Mendocino (County),MENDOCINO,95460,27, $-   ,12, $-   ,12,0,0,0,0,0,$0 ,$0 ,$0 ,$0 ,0,0,0,0
4344,CA,Mendocino (County),POINT ARENA,95468,2, $-   ,2, $-   ,2,0,0,0,0,0,$0 ,$0 ,$0 ,$0 ,0,0,0,0
4344,CA,Mendocino (County),POTTER VALLEY,95469,45,"$33,185.56 ",14,"$464,597.79 ",4,4,0,3,3,12,"$148,112.39 ","$127,429 ","$10,065 ","$10,618 ",8,0,4,3
4344,CA,Mendocino (County),RED WOOD VALEY,95470,1,"$254,548.37 ",1,"$254,548.37 ",0,0,0,0,1,0,$0 ,$0 ,$0 ,$0 ,0,0,0,0
4344,CA,Mendocino (County),REDWOOD VALLEY,95470,342,"$116,563.78 ",94,"$10,956,995.78 ",19,5,4,5,61,95,"$1,419,652.60 ","$1,252,821 ","$101,276 ","$65,555 ",52,4,39,35
4344,CA,Mendocino (County),UKIAH,95482,89, $-   ,27, $-   ,27,0,0,0,0,6,"$3,000.00 ",$0 ,$0 ,"$3,000 ",6,0,0,0
4344,CA,Mendocino (County),WILLITS,94589,1, $-   ,1, $-   ,1,0,0,0,0,0,$0 ,$0 ,$0 ,$0 ,0,0,0,0
4344,CA,Mendocino (County),WILLITS,95490,57,"$49,511.81 ",14,"$693,165.37 ",5,4,0,0,5,16,"$163,432.84 ","$144,434 ","$8,282 ","$10,717 ",12,0,4,2
4344,CA,Napa (County),AMERICAN CANYON,94503,98, $-   ,15, $-   ,15,0,0,0,0,3,"$1,500.00 ",$0 ,$0 ,"$1,500 ",3,0,0,0
4344,CA,Napa (County),AMERICAN CYN,94503,1, $-   ,1, $-   ,1,0,0,0,0,0,$0 ,$0 ,$0 ,$0 ,0,0,0,0
4344,CA,Napa (County),ANGWIN,94508,10, $-   ,4, $-   ,4,0,0,0,0,0,$0 ,$0 ,$0 ,$0 ,0,0,0,0
4344,CA,Napa (County),CALISTOGA,94515,126,"$46,423.44 ",23,"$1,067,739.17 ",16,1,0,0,6,21,"$86,092.59 ","$70,433 ","$7,160 ","$8,500 ",19,0,2,2
4344,CA,Napa (County),CALISTOGA,94559,1, $-   ,1, $-   ,1,0,0,0,0,0,$0 ,$0 ,$0 ,$0 ,0,0,0,0
4344,CA,Napa (County),CALISTOGS,94515,1, $-   ,1, $-   ,1,0,0,0,0,0,$0 ,$0 ,$0 ,$0 ,0,0,0,0
4344,CA,Napa (County),DEER PARK,94576,4, $-   ,2, $-   ,2,0,0,0,0,0,$0 ,$0 ,$0 ,$0 ,0,0,0,0
4344,CA,Napa (County),GLEN ELLEN,95442,1, $-   ,1, $-   ,1,0,0,0,0,0,$0 ,$0 ,$0 ,$0 ,0,0,0,0
4344,CA,Napa (County),HEALDSBURG,95448,1, $-   ,1, $-   ,1,0,0,0,0,0,$0 ,$0 ,$0 ,$0 ,0,0,0,0
4344,CA,Napa (County),NAP,94558,1, $-   ,1, $-   ,1,0,0,0,0,0,$0 ,$0 ,$0 ,$0 ,0,0,0,0
4344,CA,Napa (County),NAPA,94558,"1,408","$16,267.66 ",199,"$3,237,263.93 ",167,16,0,2,14,133,"$199,149.34 ","$118,942 ","$19,842 ","$60,365 ",130,0,3,3
4344,CA,Napa (County),NAPA,94559,238,"$4,726.24 ",53,"$250,490.83 ",52,0,0,0,1,8,"$26,055.37 ",$0 ,$0 ,"$26,055 ",7,1,0,0
4344,CA,Napa (County),NAPA,94581,1, $-   ,1, $-   ,1,0,0,0,0,0,$0 ,$0 ,$0 ,$0 ,0,0,0,0
4344,CA,Napa (County),NAPA,94585,1, $-   ,1, $-   ,1,0,0,0,0,1,$500.00 ,$0 ,$0 ,$500 ,1,0,0,0
4344,CA,Napa (County),PALO ALTO,94303,1, $-   ,1, $-   ,1,0,0,0,0,0,$0 ,$0 ,$0 ,$0 ,0,0,0,0
4344,CA,Napa (County),POPE VALLEY,94567,1, $-   ,1, $-   ,1,0,0,0,0,0,$0 ,$0 ,$0 ,$0 ,0,0,0,0
4344,CA,Napa (County),SAINT HELENA,94574,25, $-   ,5, $-   ,5,0,0,0,0,0,$0 ,$0 ,$0 ,$0 ,0,0,0,0
4344,CA,Napa (County),SANTA ROSA,95403,1,$162.36 ,1,$162.36 ,0,1,0,0,0,1,$500.00 ,$0 ,$0 ,$500 ,1,0,0,0
4344,CA,Napa (County),SONOMA,95476,6, $-   ,1, $-   ,1,0,0,0,0,0,$0 ,$0 ,$0 ,$0 ,0,0,0,0
4344,CA,Napa (County),ST. HELENA,94574,34, $-   ,12, $-   ,12,0,0,0,0,1,$500.00 ,$0 ,$0 ,$500 ,1,0,0,0
4344,CA,Napa (County),VALLEJO,94591,1, $-   ,1, $-   ,1,0,0,0,0,0,$0 ,$0 ,$0 ,$0 ,0,0,0,0
4344,CA,Napa (County),YOUNTVILLE,94599,30, $-   ,10, $-   ,10,0,0,0,0,2,"$1,000.00 ",$0 ,$0 ,"$1,000 ",2,0,0,0
4344,CA,Nevada (County),AUBURN,95602,1, $-   ,1, $-   ,1,0,0,0,0,0,$0 ,$0 ,$0 ,$0 ,0,0,0,0
4344,CA,Nevada (County),CUPERTINO,95014,2, $-   ,1, $-   ,1,0,0,0,0,0,$0 ,$0 ,$0 ,$0 ,0,0,0,0
4344,CA,Nevada (County),GRASS VALLEY,95945,24, $-   ,9, $-   ,9,0,0,0,0,0,$0 ,$0 ,$0 ,$0 ,0,0,0,0
4344,CA,Nevada (County),GRASS VALLEY,95949,30,"$21,027.27 ",11,"$231,299.95 ",10,0,0,0,1,2,"$34,500.00 ","$30,550 ","$3,450 ",$500 ,1,0,1,1
4344,CA,Nevada (County),MALIBU,90265,1, $-   ,1, $-   ,1,0,0,0,0,0,$0 ,$0 ,$0 ,$0 ,0,0,0,0
4344,CA,Nevada (County),NEVADA CITY,95959,33,$965.93 ,15,"$14,488.97 ",14,0,1,0,0,1,$500.00 ,$0 ,$0 ,$500 ,1,0,0,0
4344,CA,Nevada (County),PENN VALLEY,95946,13, $-   ,6, $-   ,6,0,0,0,0,0,$0 ,$0 ,$0 ,$0 ,0,0,0,0
4344,CA,Nevada (County),ROUGH AND READY,95975,25,"$36,323.66 ",13,"$472,207.59 ",2,1,0,0,10,13,"$166,783.04 ","$156,059 ","$7,724 ","$3,000 ",8,1,4,4
4344,CA,Nevada (County),SMARTSVILLE,95977,2, $-   ,2, $-   ,2,0,0,0,0,0,$0 ,$0 ,$0 ,$0 ,0,0,0,0
4344,CA,Nevada (County),TRUCKEE,96161,12, $-   ,3, $-   ,3,0,0,0,0,0,$0 ,$0 ,$0 ,$0 ,0,0,0,0
4344,CA,Orange (County),ALISO VIEJO,92656,32, $-   ,16, $-   ,16,0,0,0,0,1,$500.00 ,$0 ,$0 ,$500 ,1,0,0,0
4344,CA,Orange (County),ANAHEIM,92801,20, $-   ,12, $-   ,12,0,0,0,0,0,$0 ,$0 ,$0 ,$0 ,0,0,0,0
4344,CA,Orange (County),ANAHEIM,92802,12, $-   ,5, $-   ,5,0,0,0,0,1,$500.00 ,$0 ,$0 ,$500 ,1,0,0,0
4344,CA,Orange (County),ANAHEIM,92804,32, $-   ,15, $-   ,15,0,0,0,0,3,"$1,500.00 ",$0 ,$0 ,"$1,500 ",3,0,0,0
4344,CA,Orange (County),ANAHEIM,92805,21, $-   ,7, $-   ,7,0,0,0,0,0,$0 ,$0 ,$0 ,$0 ,0,0,0,0
4344,CA,Orange (County),ANAHEIM,92806,14, $-   ,6, $-   ,6,0,0,0,0,1,$500.00 ,$0 ,$0 ,$500 ,1,0,0,0
4344,CA,Orange (County),ANAHEIM,92807,34,"$17,026.45 ",13,"$221,343.87 ",12,0,0,0,1,2,"$34,500.00 ","$31,014 ","$2,986 ",$500 ,1,0,1,1
4344,CA,Orange (County),ANAHEIM,92808,30, $-   ,9, $-   ,9,0,0,0,0,2,"$1,000.00 ",$0 ,$0 ,"$1,000 ",2,0,0,0
4344,CA,Orange (County),BREA,92821,15, $-   ,9, $-   ,9,0,0,0,0,0,$0 ,$0 ,$0 ,$0 ,0,0,0,0
4344,CA,Orange (County),BREA,92822,1, $-   ,1, $-   ,1,0,0,0,0,0,$0 ,$0 ,$0 ,$0 ,0,0,0,0
4344,CA,Orange (County),BREA,92823,3, $-   ,1, $-   ,1,0,0,0,0,0,$0 ,$0 ,$0 ,$0 ,0,0,0,0
4344,CA,Orange (County),BUENA PARK,90620,27, $-   ,10, $-   ,10,0,0,0,0,1,$500.00 ,$0 ,$0 ,$500 ,1,0,0,0
4344,CA,Orange (County),BUENA PARK,90621,17, $-   ,5, $-   ,5,0,0,0,0,1,$500.00 ,$0 ,$0 ,$500 ,1,0,0,0
4344,CA,Orange (County),CAPISTRANO BEACH,92624,3, $-   ,3, $-   ,3,0,0,0,0,0,$0 ,$0 ,$0 ,$0 ,0,0,0,0
4344,CA,Orange (County),CORONA DEL MAR,92625,6, $-   ,5, $-   ,5,0,0,0,0,1,$500.00 ,$0 ,$0 ,$500 ,1,0,0,0
4344,CA,Orange (County),COSTA MESA,92626,22, $-   ,8, $-   ,8,0,0,0,0,1,$500.00 ,$0 ,$0 ,$500 ,1,0,0,0
4344,CA,Orange (County),COSTA MESA,92627,23, $-   ,4, $-   ,4,0,0,0,0,0,$0 ,$0 ,$0 ,$0 ,0,0,0,0
4344,CA,Orange (County),COTO DE CAZA,92679,2, $-   ,2, $-   ,2,0,0,0,0,0,$0 ,$0 ,$0 ,$0 ,0,0,0,0
4344,CA,Orange (County),CYPRESS,90630,19, $-   ,8, $-   ,8,0,0,0,0,1,$500.00 ,$0 ,$0 ,$500 ,1,0,0,0
4344,CA,Orange (County),DANA POINT,92629,11, $-   ,5, $-   ,5,0,0,0,0,0,$0 ,$0 ,$0 ,$0 ,0,0,0,0
4344,CA,Orange (County),FOOTHILL RANCH,92610,7, $-   ,2, $-   ,2,0,0,0,0,0,$0 ,$0 ,$0 ,$0 ,0,0,0,0
4344,CA,Orange (County),FOUNTAIN VALLEY,92708,34, $-   ,12, $-   ,12,0,0,0,0,2,"$1,000.00 ",$0 ,$0 ,"$1,000 ",2,0,0,0
4344,CA,Orange (County),FULLERTON,92831,13, $-   ,8, $-   ,8,0,0,0,0,1,$500.00 ,$0 ,$0 ,$500 ,1,0,0,0
4344,CA,Orange (County),FULLERTON,92832,8, $-   ,2, $-   ,2,0,0,0,0,0,$0 ,$0 ,$0 ,$0 ,0,0,0,0
4344,CA,Orange (County),FULLERTON,92833,19, $-   ,8, $-   ,8,0,0,0,0,1,$500.00 ,$0 ,$0 ,$500 ,1,0,0,0
4344,CA,Orange (County),FULLERTON,92835,16, $-   ,3, $-   ,3,0,0,0,0,1,$500.00 ,$0 ,$0 ,$500 ,1,0,0,0
4344,CA,Orange (County),GARDEN GROVE,92840,19, $-   ,9, $-   ,9,0,0,0,0,0,$0 ,$0 ,$0 ,$0 ,0,0,0,0
4344,CA,Orange (County),GARDEN GROVE,92841,13, $-   ,6, $-   ,6,0,0,0,0,0,$0 ,$0 ,$0 ,$0 ,0,0,0,0
4344,CA,Orange (County),GARDEN GROVE,92843,11, $-   ,6, $-   ,6,0,0,0,0,2,"$1,000.00 ",$0 ,$0 ,"$1,000 ",2,0,0,0
4344,CA,Orange (County),GARDEN GROVE,92844,3, $-   ,2, $-   ,2,0,0,0,0,1,$500.00 ,$0 ,$0 ,$500 ,1,0,0,0
4344,CA,Orange (County),GARDEN GROVE,92845,12, $-   ,4, $-   ,4,0,0,0,0,1,$500.00 ,$0 ,$0 ,$500 ,1,0,0,0
4344,CA,Orange (County),HUNTINGTON BEACH,92646,27, $-   ,11, $-   ,11,0,0,0,0,1,$500.00 ,$0 ,$0 ,$500 ,1,0,0,0
4344,CA,Orange (County),HUNTINGTON BEACH,92647,24, $-   ,11, $-   ,11,0,0,0,0,1,$500.00 ,$0 ,$0 ,$500 ,1,0,0,0
4344,CA,Orange (County),HUNTINGTON BEACH,92648,38, $-   ,10, $-   ,10,0,0,0,0,0,$0 ,$0 ,$0 ,$0 ,0,0,0,0
4344,CA,Orange (County),HUNTINGTON BEACH,92649,28, $-   ,13, $-   ,13,0,0,0,0,0,$0 ,$0 ,$0 ,$0 ,0,0,0,0
4344,CA,Orange (County),IRVINE,92602,11, $-   ,7, $-   ,7,0,0,0,0,0,$0 ,$0 ,$0 ,$0 ,0,0,0,0
4344,CA,Orange (County),IRVINE,92603,13, $-   ,2, $-   ,2,0,0,0,0,1,$500.00 ,$0 ,$0 ,$500 ,1,0,0,0
4344,CA,Orange (County),IRVINE,92604,18, $-   ,4, $-   ,4,0,0,0,0,0,$0 ,$0 ,$0 ,$0 ,0,0,0,0
4344,CA,Orange (County),IRVINE,92606,13, $-   ,11, $-   ,11,0,0,0,0,3,"$1,500.00 ",$0 ,$0 ,"$1,500 ",3,0,0,0
4344,CA,Orange (County),IRVINE,92612,12, $-   ,4, $-   ,4,0,0,0,0,0,$0 ,$0 ,$0 ,$0 ,0,0,0,0
4344,CA,Orange (County),IRVINE,92614,15, $-   ,5, $-   ,5,0,0,0,0,0,$0 ,$0 ,$0 ,$0 ,0,0,0,0
4344,CA,Orange (County),IRVINE,92617,2, $-   ,2, $-   ,2,0,0,0,0,0,$0 ,$0 ,$0 ,$0 ,0,0,0,0
4344,CA,Orange (County),IRVINE,92618,16, $-   ,7, $-   ,7,0,0,0,0,0,$0 ,$0 ,$0 ,$0 ,0,0,0,0
4344,CA,Orange (County),IRVINE,92620,17, $-   ,6, $-   ,6,0,0,0,0,0,$0 ,$0 ,$0 ,$0 ,0,0,0,0
4344,CA,Orange (County),LADERA RANCH,92694,16, $-   ,7, $-   ,7,0,0,0,0,0,$0 ,$0 ,$0 ,$0 ,0,0,0,0
4344,CA,Orange (County),LAGUNA BEACH,92651,31, $-   ,16, $-   ,16,0,0,0,0,1,$500.00 ,$0 ,$0 ,$500 ,1,0,0,0
4344,CA,Orange (County),LAGUNA HILLS,92653,22, $-   ,14, $-   ,14,0,0,0,0,1,$500.00 ,$0 ,$0 ,$500 ,1,0,0,0
4344,CA,Orange (County),LAGUNA HILLS,92656,2, $-   ,1, $-   ,1,0,0,0,0,0,$0 ,$0 ,$0 ,$0 ,0,0,0,0
4344,CA,Orange (County),LAGUNA NIGUE,92677,1, $-   ,1, $-   ,1,0,0,0,0,0,$0 ,$0 ,$0 ,$0 ,0,0,0,0
4344,CA,Orange (County),LAGUNA NIGUEL,92677,58, $-   ,26, $-   ,26,0,0,0,0,0,$0 ,$0 ,$0 ,$0 ,0,0,0,0
4344,CA,Orange (County),LAGUNA WOODS,92637,10, $-   ,6, $-   ,6,0,0,0,0,0,$0 ,$0 ,$0 ,$0 ,0,0,0,0
4344,CA,Orange (County),LA HABRA,90631,20, $-   ,11, $-   ,11,0,0,0,0,2,"$1,000.00 ",$0 ,$0 ,"$1,000 ",2,0,0,0
4344,CA,Orange (County),LAKE FOREST,92630,42, $-   ,19, $-   ,19,0,0,0,0,0,$0 ,$0 ,$0 ,$0 ,0,0,0,0
4344,CA,Orange (County),LA PALMA,90623,3, $-   ,2, $-   ,2,0,0,0,0,0,$0 ,$0 ,$0 ,$0 ,0,0,0,0
4344,CA,Orange (County),LAS FLORES,92688,1, $-   ,1, $-   ,1,0,0,0,0,0,$0 ,$0 ,$0 ,$0 ,0,0,0,0
4344,CA,Orange (County),LOS ALAMITOS,90720,19, $-   ,12, $-   ,12,0,0,0,0,1,$500.00 ,$0 ,$0 ,$500 ,1,0,0,0
4344,CA,Orange (County),MIDWAY CITY,92655,3, $-   ,2, $-   ,2,0,0,0,0,0,$0 ,$0 ,$0 ,$0 ,0,0,0,0
4344,CA,Orange (County),MISSION VIEJO,92691,28, $-   ,9, $-   ,9,0,0,0,0,1,$500.00 ,$0 ,$0 ,$500 ,1,0,0,0
4344,CA,Orange (County),MISSION VIEJO,92692,41, $-   ,13, $-   ,13,0,0,0,0,1,$500.00 ,$0 ,$0 ,$500 ,1,0,0,0
4344,CA,Orange (County),MONARCH BEACH,92629,1, $-   ,1, $-   ,1,0,0,0,0,0,$0 ,$0 ,$0 ,$0 ,0,0,0,0
4344,CA,Orange (County),NEWPORT BEACH,92657,2, $-   ,1, $-   ,1,0,0,0,0,0,$0 ,$0 ,$0 ,$0 ,0,0,0,0
4344,CA,Orange (County),NEWPORT BEACH,92660,42, $-   ,18, $-   ,18,0,0,0,0,4,"$2,000.00 ",$0 ,$0 ,"$2,000 ",4,0,0,0
4344,CA,Orange (County),NEWPORT BEACH,92662,3, $-   ,3, $-   ,3,0,0,0,0,1,$500.00 ,$0 ,$0 ,$500 ,1,0,0,0
4344,CA,Orange (County),NEWPORT BEACH,92663,15, $-   ,8, $-   ,8,0,0,0,0,0,$0 ,$0 ,$0 ,$0 ,0,0,0,0
4344,CA,Orange (County),NEWPORT COAST,92657,25, $-   ,9, $-   ,9,0,0,0,0,1,$500.00 ,$0 ,$0 ,$500 ,1,0,0,0
4344,CA,Orange (County),NORTH TUSTIN,92705,1, $-   ,1, $-   ,1,0,0,0,0,0,$0 ,$0 ,$0 ,$0 ,0,0,0,0
4344,CA,Orange (County),ONTARIO,91762,1, $-   ,1, $-   ,1,0,0,0,0,0,$0 ,$0 ,$0 ,$0 ,0,0,0,0
4344,CA,Orange (County),ORANGE,92780,1, $-   ,1, $-   ,1,0,0,0,0,0,$0 ,$0 ,$0 ,$0 ,0,0,0,0
4344,CA,Orange (County),ORANGE,92861,1, $-   ,1, $-   ,1,0,0,0,0,0,$0 ,$0 ,$0 ,$0 ,0,0,0,0
4344,CA,Orange (County),ORANGE,92865,18, $-   ,3, $-   ,3,0,0,0,0,1,$500.00 ,$0 ,$0 ,$500 ,1,0,0,0
4344,CA,Orange (County),ORANGE,92866,13, $-   ,5, $-   ,5,0,0,0,0,0,$0 ,$0 ,$0 ,$0 ,0,0,0,0
4344,CA,Orange (County),ORANGE,92867,61, $-   ,11, $-   ,11,0,0,0,0,0,$0 ,$0 ,$0 ,$0 ,0,0,0,0
4344,CA,Orange (County),ORANGE,92868,11, $-   ,8, $-   ,8,0,0,0,0,0,$0 ,$0 ,$0 ,$0 ,0,0,0,0
4344,CA,Orange (County),ORANGE,92869,46, $-   ,20, $-   ,20,0,0,0,0,1,$500.00 ,$0 ,$0 ,$500 ,1,0,0,0
4344,CA,Orange (County),PLACENTIA,92870,25, $-   ,11, $-   ,11,0,0,0,0,1,$500.00 ,$0 ,$0 ,$500 ,1,0,0,0
4344,CA,Orange (County),RANCHO SANTA MARGARITA,92688,18, $-   ,7, $-   ,7,0,0,0,0,0,$0 ,$0 ,$0 ,$0 ,0,0,0,0
4344,CA,Orange (County),ROSSMOOR,90720,1, $-   ,1, $-   ,1,0,0,0,0,0,$0 ,$0 ,$0 ,$0 ,0,0,0,0
4344,CA,Orange (County),SAN CLEMENTE,92672,21, $-   ,6, $-   ,6,0,0,0,0,0,$0 ,$0 ,$0 ,$0 ,0,0,0,0
4344,CA,Orange (County),SAN CLEMENTE,92673,20, $-   ,11, $-   ,11,0,0,0,0,1,$500.00 ,$0 ,$0 ,$500 ,1,0,0,0
4344,CA,Orange (County),SAN JUAN CAPISTRANO,92675,18, $-   ,3, $-   ,3,0,0,0,0,0,$0 ,$0 ,$0 ,$0 ,0,0,0,0
4344,CA,Orange (County),SAN JUAN CAPO,92675,2, $-   ,2, $-   ,2,0,0,0,0,0,$0 ,$0 ,$0 ,$0 ,0,0,0,0
4344,CA,Orange (County),SANTA ANA,92701,15, $-   ,6, $-   ,6,0,0,0,0,1,$500.00 ,$0 ,$0 ,$500 ,1,0,0,0
4344,CA,Orange (County),SANTA ANA,92703,10, $-   ,7, $-   ,7,0,0,0,0,1,$500.00 ,$0 ,$0 ,$500 ,1,0,0,0
4344,CA,Orange (County),SANTA ANA,92704,16, $-   ,9, $-   ,9,0,0,0,0,1,$500.00 ,$0 ,$0 ,$500 ,1,0,0,0
4344,CA,Orange (County),SANTA ANA,92705,27, $-   ,7, $-   ,7,0,0,0,0,0,$0 ,$0 ,$0 ,$0 ,0,0,0,0
4344,CA,Orange (County),SANTA ANA,92706,5, $-   ,3, $-   ,3,0,0,0,0,0,$0 ,$0 ,$0 ,$0 ,0,0,0,0
4344,CA,Orange (County),SANTA ANA,92707,12, $-   ,8, $-   ,8,0,0,0,0,0,$0 ,$0 ,$0 ,$0 ,0,0,0,0
4344,CA,Orange (County),SANTA MARGARITA,92688,1, $-   ,1, $-   ,1,0,0,0,0,0,$0 ,$0 ,$0 ,$0 ,0,0,0,0
4344,CA,Orange (County),SEAL BEACH,90740,13, $-   ,2, $-   ,2,0,0,0,0,0,$0 ,$0 ,$0 ,$0 ,0,0,0,0
4344,CA,Orange (County),SILVERADO,92676,3, $-   ,1, $-   ,1,0,0,0,0,0,$0 ,$0 ,$0 ,$0 ,0,0,0,0
4344,CA,Orange (County),STANTON,90680,5, $-   ,5, $-   ,5,0,0,0,0,0,$0 ,$0 ,$0 ,$0 ,0,0,0,0
4344,CA,Orange (County),TRABUCO CANYON,92679,20, $-   ,10, $-   ,10,0,0,0,0,2,"$1,000.00 ",$0 ,$0 ,"$1,000 ",2,0,0,0
4344,CA,Orange (County),TUSTIN,92780,21, $-   ,9, $-   ,9,0,0,0,0,0,$0 ,$0 ,$0 ,$0 ,0,0,0,0
4344,CA,Orange (County),TUSTIN,92782,27, $-   ,4, $-   ,4,0,0,0,0,0,$0 ,$0 ,$0 ,$0 ,0,0,0,0
4344,CA,Orange (County),VILLA PARK,92861,11, $-   ,4, $-   ,4,0,0,0,0,1,$500.00 ,$0 ,$0 ,$500 ,1,0,0,0
4344,CA,Orange (County),VILLA PARK,92867,1, $-   ,1, $-   ,1,0,0,0,0,0,$0 ,$0 ,$0 ,$0 ,0,0,0,0
4344,CA,Orange (County),WESTMINSTER,92683,22, $-   ,8, $-   ,8,0,0,0,0,0,$0 ,$0 ,$0 ,$0 ,0,0,0,0
4344,CA,Orange (County),YORBA LINDA,92886,32, $-   ,14, $-   ,14,0,0,0,0,3,"$1,500.00 ",$0 ,$0 ,"$1,500 ",3,0,0,0
4344,CA,Orange (County),YORBA LINDA,92887,20, $-   ,9, $-   ,9,0,0,0,0,1,$500.00 ,$0 ,$0 ,$500 ,1,0,0,0
4344,CA,Sonoma (County),BODEGA,94922,3, $-   ,3, $-   ,3,0,0,0,0,0,$0 ,$0 ,$0 ,$0 ,0,0,0,0
4344,CA,Sonoma (County),BODEGA BAY,94923,17, $-   ,1, $-   ,1,0,0,0,0,0,$0 ,$0 ,$0 ,$0 ,0,0,0,0
4344,CA,Sonoma (County),BOYES HOT SPRINGS,95476,1, $-   ,1, $-   ,1,0,0,0,0,0,$0 ,$0 ,$0 ,$0 ,0,0,0,0
4344,CA,Sonoma (County),CALISTOG,94515,1, $-   ,1, $-   ,1,0,0,0,0,0,$0 ,$0 ,$0 ,$0 ,0,0,0,0
4344,CA,Sonoma (County),CALISTOGA,94515,41,"$100,453.52 ",6,"$602,721.12 ",2,0,0,1,3,7,"$61,360.91 ","$35,069 ","$9,048 ","$17,244 ",5,1,1,1
4344,CA,Sonoma (County),CAMP MEEKER,95419,1, $-   ,1, $-   ,1,0,0,0,0,0,$0 ,$0 ,$0 ,$0 ,0,0,0,0
4344,CA,Sonoma (County),CAZADERO,95421,10, $-   ,3, $-   ,3,0,0,0,0,0,$0 ,$0 ,$0 ,$0 ,0,0,0,0
4344,CA,Sonoma (County),CLOVERDALE,95425,75, $-   ,26, $-   ,26,0,0,0,0,2,"$1,000.00 ",$0 ,$0 ,"$1,000 ",2,0,0,0
4344,CA,Sonoma (County),COTATI,94931,46, $-   ,10, $-   ,10,0,0,0,0,1,$500.00 ,$0 ,$0 ,$500 ,1,0,0,0
4344,CA,Sonoma (County),DUNCANS MILLS,95430,3, $-   ,2, $-   ,2,0,0,0,0,0,$0 ,$0 ,$0 ,$0 ,0,0,0,0
4344,CA,Sonoma (County),ELDRIDGE,95442,1, $-   ,1, $-   ,1,0,0,0,0,0,$0 ,$0 ,$0 ,$0 ,0,0,0,0
4344,CA,Sonoma (County),ELDRIDGE,95476,2, $-   ,2, $-   ,2,0,0,0,0,0,$0 ,$0 ,$0 ,$0 ,0,0,0,0
4344,CA,Sonoma (County),EL VERANO,95433,1, $-   ,1, $-   ,1,0,0,0,0,0,$0 ,$0 ,$0 ,$0 ,0,0,0,0
4344,CA,Sonoma (County),FORESTVILLE,95436,25, $-   ,4, $-   ,4,0,0,0,0,1,$500.00 ,$0 ,$0 ,$500 ,1,0,0,0
4344,CA,Sonoma (County),FULTON,95439,8, $-   ,3, $-   ,3,0,0,0,0,0,$0 ,$0 ,$0 ,$0 ,0,0,0,0
4344,CA,Sonoma (County),GEYSERVILLE,95441,19, $-   ,8, $-   ,8,0,0,0,0,1,$500.00 ,$0 ,$0 ,$500 ,1,0,0,0
4344,CA,Sonoma (County),GLEN ELLEN,95442,408,"$40,587.75 ",51,"$2,069,975.07 ",28,10,1,1,11,55,"$299,951.72 ","$240,469 ","$37,283 ","$22,200 ",47,1,7,6
4344,CA,Sonoma (County),GLENELLEN,95442,1, $-   ,1, $-   ,1,0,0,0,0,0,$0 ,$0 ,$0 ,$0 ,0,0,0,0
4344,CA,Sonoma (County),GRATON,95444,4, $-   ,2, $-   ,2,0,0,0,0,0,$0 ,$0 ,$0 ,$0 ,0,0,0,0
4344,CA,Sonoma (County),GUERNEVILLE,95446,14, $-   ,3, $-   ,3,0,0,0,0,0,$0 ,$0 ,$0 ,$0 ,0,0,0,0
4344,CA,Sonoma (County),HEALDSBURG,95448,88, $-   ,12, $-   ,12,0,0,0,0,2,"$1,000.00 ",$0 ,$0 ,"$1,000 ",2,0,0,0
4344,CA,Sonoma (County),HIDDEN VALLEY LAKE,95467,2, $-   ,1, $-   ,1,0,0,0,0,0,$0 ,$0 ,$0 ,$0 ,0,0,0,0
4344,CA,Sonoma (County),JENNER,95450,5, $-   ,2, $-   ,2,0,0,0,0,0,$0 ,$0 ,$0 ,$0 ,0,0,0,0
4344,CA,Sonoma (County),KENWOOD,95409,4, $-   ,1, $-   ,1,0,0,0,0,2,"$1,000.00 ",$0 ,$0 ,"$1,000 ",2,0,0,0
4344,CA,Sonoma (County),KENWOOD,95452,185,"$16,765.49 ",16,"$268,247.81 ",10,5,0,0,1,26,"$47,838.88 ","$32,799 ","$2,840 ","$12,200 ",25,0,1,1
4344,CA,Sonoma (County),LARKFIELD,95403,1, $-   ,1, $-   ,1,0,0,0,0,0,$0 ,$0 ,$0 ,$0 ,0,0,0,0
4344,CA,Sonoma (County),MONTE RIO,95462,4, $-   ,3, $-   ,3,0,0,0,0,0,$0 ,$0 ,$0 ,$0 ,0,0,0,0
4344,CA,Sonoma (County),OCCIDENTAL,95465,5, $-   ,3, $-   ,3,0,0,0,0,0,$0 ,$0 ,$0 ,$0 ,0,0,0,0
4344,CA,Sonoma (County),PALM DESERT,92211,1, $-   ,1, $-   ,1,0,0,0,0,0,$0 ,$0 ,$0 ,$0 ,0,0,0,0
4344,CA,Sonoma (County),PENNGROVE,94951,23, $-   ,5, $-   ,5,0,0,0,0,1,$500.00 ,$0 ,$0 ,$500 ,1,0,0,0
4344,CA,Sonoma (County),PETALUMA,94952,134, $-   ,34, $-   ,34,0,0,0,0,6,"$3,000.00 ",$0 ,$0 ,"$3,000 ",6,0,0,0
4344,CA,Sonoma (County),PETALUMA,94954,143, $-   ,33, $-   ,33,0,0,0,0,3,"$1,500.00 ",$0 ,$0 ,"$1,500 ",3,0,0,0
4344,CA,Sonoma (County),ROHNERT PARK,94928,157, $-   ,44, $-   ,44,0,0,0,0,4,"$1,699.99 ",$0 ,$0 ,"$1,700 ",4,0,0,0
4344,CA,Sonoma (County),SACRAMENTO,95823,1, $-   ,1, $-   ,1,0,0,0,0,0,$0 ,$0 ,$0 ,$0 ,0,0,0,0
4344,CA,Sonoma (County),SAMTA ROSA,95403,1, $-   ,1, $-   ,1,0,0,0,0,1,$500.00 ,$0 ,$0 ,$500 ,1,0,0,0
4344,CA,Sonoma (County),SAN ROSA,95403,1, $-   ,1, $-   ,1,0,0,0,0,1,$500.00 ,$0 ,$0 ,$500 ,1,0,0,0
4344,CA,Sonoma (County),SANTA ROA,95403,1, $-   ,1, $-   ,1,0,0,0,0,0,$0 ,$0 ,$0 ,$0 ,0,0,0,0
4344,CA,Sonoma (County),SANTA ROSA,94503,2,"$123,840.50 ",2,"$247,681.00 ",1,0,0,0,1,0,$0 ,$0 ,$0 ,$0 ,0,0,0,0
4344,CA,Sonoma (County),SANTA ROSA,95043,1,"$57,762.64 ",1,"$57,762.64 ",0,0,0,0,1,1,$500.00 ,$0 ,$0 ,$500 ,1,0,0,0
4344,CA,Sonoma (County),SANTA ROSA,95401,336,$14.70 ,77,"$1,131.61 ",74,3,0,0,0,13,"$6,500.00 ",$0 ,$0 ,"$6,500 ",13,0,0,0
4344,CA,Sonoma (County),SANTA ROSA,95403,"3,492","$55,475.68 ",410,"$22,745,030.71 ",187,38,1,5,179,915,"$1,898,102.39 ","$1,179,838 ","$219,611 ","$498,653 ",874,3,38,37
4344,CA,Sonoma (County),SANTA ROSA,95404,"2,230","$75,714.63 ",197,"$14,915,782.19 ",126,7,0,3,61,406,"$571,462.10 ","$333,059 ","$43,145 ","$195,259 ",395,2,9,7
4344,CA,Sonoma (County),SANTA ROSA,95405,286, $-   ,46, $-   ,46,0,0,0,0,19,"$9,500.00 ",$0 ,$0 ,"$9,500 ",19,0,0,0
4344,CA,Sonoma (County),SANTA ROSA,95407,198, $-   ,39, $-   ,39,0,0,0,0,5,"$2,500.00 ",$0 ,$0 ,"$2,500 ",5,0,0,0
4344,CA,Sonoma (County),SANTA ROSA,95409,764,"$1,684.43 ",90,"$151,598.51 ",80,7,0,1,2,105,"$122,965.31 ","$54,028 ","$15,761 ","$53,176 ",103,0,2,1
4344,CA,Sonoma (County),SANTA ROSA CT,95403,1, $-   ,1, $-   ,1,0,0,0,0,1,$500.00 ,$0 ,$0 ,$500 ,1,0,0,0
4344,CA,Sonoma (County),SANT R,95403,1, $-   ,1, $-   ,1,0,0,0,0,1,$500.00 ,$0 ,$0 ,$500 ,1,0,0,0
4344,CA,Sonoma (County),SANT ROSA,95403,1, $-   ,1, $-   ,1,0,0,0,0,0,$0 ,$0 ,$0 ,$0 ,0,0,0,0
4344,CA,Sonoma (County),SANT ROSA,95404,1, $-   ,1, $-   ,1,0,0,0,0,1,$500.00 ,$0 ,$0 ,$500 ,1,0,0,0
4344,CA,Sonoma (County),SANT ROSE,95403,1, $-   ,1, $-   ,1,0,0,0,0,0,$0 ,$0 ,$0 ,$0 ,0,0,0,0
4344,CA,Sonoma (County),SEBASTOPOL,95472,115, $-   ,39, $-   ,39,0,0,0,0,8,"$4,000.00 ",$0 ,$0 ,"$4,000 ",8,0,0,0
4344,CA,Sonoma (County),SHASTA LAKE,96019,1, $-   ,1, $-   ,1,0,0,0,0,0,$0 ,$0 ,$0 ,$0 ,0,0,0,0
4344,CA,Sonoma (County),SONOMA,95476,"1,046",$299.54 ,189,"$56,613.69 ",183,5,0,0,1,76,"$52,516.54 ","$12,312 ","$4,640 ","$35,564 ",76,0,0,0
4344,CA,Sonoma (County),SOONMA,95476,1, $-   ,1, $-   ,1,0,0,0,0,0,$0 ,$0 ,$0 ,$0 ,0,0,0,0
4344,CA,Sonoma (County),SOUTH LAKE TAHOE,96150,1, $-   ,1, $-   ,1,0,0,0,0,0,$0 ,$0 ,$0 ,$0 ,0,0,0,0
4344,CA,Sonoma (County),SSANTA ROSA,95403,1, $-   ,1, $-   ,1,0,0,0,0,0,$0 ,$0 ,$0 ,$0 ,0,0,0,0
4344,CA,Sonoma (County),STANTA ROSA,95403,1, $-   ,1, $-   ,1,0,0,0,0,1,$500.00 ,$0 ,$0 ,$500 ,1,0,0,0
4344,CA,Sonoma (County),THE SEA RANCH,95497,10, $-   ,1, $-   ,1,0,0,0,0,0,$0 ,$0 ,$0 ,$0 ,0,0,0,0
4344,CA,Sonoma (County),VALLEY FORD,94972,1, $-   ,1, $-   ,1,0,0,0,0,0,$0 ,$0 ,$0 ,$0 ,0,0,0,0
4344,CA,Sonoma (County),WINDOR,95492,1, $-   ,1, $-   ,1,0,0,0,0,0,$0 ,$0 ,$0 ,$0 ,0,0,0,0
4344,CA,Sonoma (County),WINDSOR,95492,151, $-   ,23, $-   ,23,0,0,0,0,8,"$4,000.00 ",$0 ,$0 ,"$4,000 ",8,0,0,0
4344,CA,Yuba (County),BEALE AFB,95903,1, $-   ,1, $-   ,1,0,0,0,0,0,$0 ,$0 ,$0 ,$0 ,0,0,0,0
4344,CA,Yuba (County),BROWNS VALLEY,95918,43,"$14,789.31 ",11,"$162,682.46 ",5,3,0,0,3,6,"$41,448.48 ","$38,592 ","$1,356 ","$1,500 ",5,0,1,1
4344,CA,Yuba (County),BROWNSVILLE,95919,1, $-   ,1, $-   ,1,0,0,0,0,0,$0 ,$0 ,$0 ,$0 ,0,0,0,0
4344,CA,Yuba (County),CAMPTONVILLE,95922,4, $-   ,1, $-   ,1,0,0,0,0,0,$0 ,$0 ,$0 ,$0 ,0,0,0,0
4344,CA,Yuba (County),LINCOLN,95648,1, $-   ,1, $-   ,1,0,0,0,0,0,$0 ,$0 ,$0 ,$0 ,0,0,0,0
4344,CA,Yuba (County),LOMA RICA,95901,34,"$53,368.07 ",14,"$747,152.92 ",3,3,1,0,7,14,"$126,306.75 ","$114,366 ","$8,966 ","$2,975 ",11,0,3,3
4344,CA,Yuba (County),MARYSVILLE,95901,303,"$26,971.09 ",99,"$2,670,138.11 ",45,16,1,3,34,58,"$719,872.89 ","$623,410 ","$38,102 ","$58,361 ",38,1,19,17
4344,CA,Yuba (County),OLIVEHURST,95961,15, $-   ,2, $-   ,2,0,0,0,0,0,$0 ,$0 ,$0 ,$0 ,0,0,0,0
4344,CA,Yuba (County),OREGON HOUSE,95962,3, $-   ,2, $-   ,2,0,0,0,0,0,$0 ,$0 ,$0 ,$0 ,0,0,0,0
4344,CA,Yuba (County),PLUMAS LAKE,95961,4, $-   ,3, $-   ,3,0,0,0,0,0,$0 ,$0 ,$0 ,$0 ,0,0,0,0
4344,CA,Yuba (County),RACKERBY,95972,3, $-   ,2, $-   ,2,0,0,0,0,0,$0 ,$0 ,$0 ,$0 ,0,0,0,0
4344,CA,Yuba (County),SMARTSVILLE,95977,1, $-   ,1, $-   ,1,0,0,0,0,0,$0 ,$0 ,$0 ,$0 ,0,0,0,0
4344,CA,Yuba (County),WHEATLAND,95692,7, $-   ,2, $-   ,2,0,0,0,0,0,$0 ,$0 ,$0 ,$0 ,0,0,0,0
4240,CA,Calaveras (County),ANGELS CAMP,95222,1, $-   ,1, $-   ,1,0,0,0,0,$0 ,$0 ,$0 ,$0 ,$0 ,0,0,0,$0 
4240,CA,Calaveras (County),ARNOLD,95223,2, $-   ,2, $-   ,2,0,0,0,0,$0 ,$0 ,$0 ,$0 ,$0 ,0,0,0,$0 
4240,CA,Calaveras (County),CAVE CITY,95222,1, $-   ,1, $-   ,1,0,0,0,0,$0 ,$0 ,$0 ,$0 ,$0 ,0,0,0,$0 
4240,CA,Calaveras (County),GLENCOE,95232,14,"$52,312.43 ",8,"$418,499.40 ",3,3,0,0,$2 ,$1 ,"$32,900.00 ","$31,490 ","$1,410 ",$0 ,0,0,$1 ,$1 
4240,CA,Calaveras (County),GLENCOE,96232,1, $-   ,1, $-   ,1,0,0,0,0,$0 ,$0 ,$0 ,$0 ,$0 ,0,0,0,$0 
4240,CA,Calaveras (County),HATHAWAY PINES,95233,1, $-   ,1, $-   ,1,0,0,0,0,$0 ,$0 ,$0 ,$0 ,$0 ,0,0,0,$0 
4240,CA,Calaveras (County),MOKELUMNE,95245,3,"$68,032.42 ",3,"$204,097.26 ",1,1,0,0,$1 ,$2 ,"$33,730.77 ","$32,321 ","$1,410 ",$0 ,$1 ,0,$1 ,$1 
4240,CA,Calaveras (County),MOKELUMNE HILL,95245,244,"$99,466.32 ",177,"$17,605,538.06 ",34,22,1,$15 ,$105 ,$103 ,"$1,540,286.53 ","$1,356,921 ","$80,141 ","$103,225 ",$57 ,$5 ,$41 ,$32 
4240,CA,Calaveras (County),MOKELUMNE HILL,95246,1,"$204,426.38 ",1,"$204,426.38 ",0,0,0,0,$1 ,$1 ,"$32,900.00 ","$31,490 ","$1,410 ",$0 ,0,0,$1 ,$1 
4240,CA,Calaveras (County),MOKEULUMNE,95245,1,"$27,397.06 ",1,"$27,397.06 ",0,0,0,$1 ,0,$1 ,"$6,054.38 ",$0 ,"$1,410 ","$4,644 ",$1 ,0,0,$0 
4240,CA,Calaveras (County),MOKEUMNE HILL,95245,1,"$201,313.35 ",1,"$201,313.35 ",0,0,0,0,$1 ,$0 ,$0 ,$0 ,$0 ,$0 ,0,0,0,$0 
4240,CA,Calaveras (County),MONTAIN RANCH,95246,1, $-   ,1, $-   ,1,0,0,0,0,$0 ,$0 ,$0 ,$0 ,$0 ,0,0,0,$0 
4240,CA,Calaveras (County),MOUNTAIN RANCH,5246,1, $-   ,1, $-   ,1,0,0,0,0,$0 ,$0 ,$0 ,$0 ,$0 ,0,0,0,$0 
4240,CA,Calaveras (County),MOUNTAIN RANCH,95245,22,"$102,177.60 ",15,"$1,532,664.05 ",2,3,0,$3 ,$7 ,$12 ,"$149,317.06 ","$128,418 ","$13,788 ","$7,111 ",$8 ,$1 ,$3 ,$2 
4240,CA,Calaveras (County),MOUNTAIN RANCH,95246,397,"$103,577.47 ",292,"$30,244,619.81 ",57,56,0,$18 ,$161 ,$189 ,"$1,800,785.04 ","$1,607,339 ","$98,158 ","$95,288 ",$143 ,$4 ,$42 ,$34 
4240,CA,Calaveras (County),MOUNTAIN RANCH RD,95245,1, $-   ,1, $-   ,1,0,0,0,0,$0 ,$0 ,$0 ,$0 ,$0 ,0,0,0,$0 
4240,CA,Calaveras (County),MOUNTAIN RANCH RD,95246,1,"$203,999.05 ",1,"$203,999.05 ",0,0,0,0,$1 ,$1 ,"$32,900.00 ","$32,900 ",$0 ,$0 ,0,0,$1 ,$1 
4240,CA,Calaveras (County),MTN RANCH,95246,1,"$203,520.24 ",1,"$203,520.24 ",0,0,0,0,$1 ,$1 ,"$2,453.25 ","$2,453 ",$0 ,$0 ,$1 ,0,0,$0 
4240,CA,Calaveras (County),MURPHYS,95247,5, $-   ,1, $-   ,1,0,0,0,0,$0 ,$0 ,$0 ,$0 ,$0 ,0,0,0,$0 
4240,CA,Calaveras (County),RAILFLAT FLAT,95248,1,$556.48 ,1,$556.48 ,0,1,0,0,0,$0 ,$0 ,$0 ,$0 ,$0 ,0,0,0,$0 
4240,CA,Calaveras (County),RAIL ROAD FLAT,95245,11,"$73,841.00 ",6,"$443,046.02 ",2,1,0,0,$3 ,$2 ,"$61,257.44 ","$58,019 ","$3,238 ",$0 ,0,0,$2 ,$1 
4240,CA,Calaveras (County),RAIL ROAD FLAT,95248,9,"$44,143.73 ",6,"$264,862.38 ",4,0,0,0,$2 ,$2 ,"$34,652.92 ","$33,243 ","$1,410 ",$0 ,$1 ,0,$1 ,$1 
4240,CA,Calaveras (County),RAIL ROAD FLAT ,95248,1,$287.76 ,1,$287.76 ,0,1,0,0,0,$1 ,$609.50 ,$0 ,$0 ,$610 ,$1 ,0,0,$0 
4240,CA,Calaveras (County),RAILROAD FLAT,95248,1, $-   ,1, $-   ,1,0,0,0,0,$0 ,$0 ,$0 ,$0 ,$0 ,0,0,0,$0 
4240,CA,Calaveras (County),SAN ANDREAS,95249,79,"$88,756.94 ",53,"$4,704,117.76 ",20,10,0,0,$23 ,$20 ,"$347,667.55 ","$310,331 ","$16,700 ","$20,636 ",$10 ,0,$10 ,$10 
4240,CA,Calaveras (County),SAN ANDRES,95249,6,"$103,239.37 ",6,"$619,436.24 ",2,1,0,0,$3 ,$4 ,"$73,707.51 ","$69,134 ","$4,074 ",$500 ,$2 ,0,$2 ,$2 
4240,CA,Calaveras (County),SHEEP RANCH,95246,7,"$1,178.88 ",5,"$5,894.38 ",3,2,0,0,0,$2 ,"$5,308.27 ","$5,108 ",$0 ,$200 ,$2 ,0,0,$0 
4240,CA,Calaveras (County),VALLEY SPRINGS,95252,1, $-   ,1, $-   ,1,0,0,0,0,$0 ,$0 ,$0 ,$0 ,$0 ,0,0,0,$0 
4240,CA,Calaveras (County),WEST POINT,95255,11, $-   ,4, $-   ,4,0,0,0,0,$0 ,$0 ,$0 ,$0 ,$0 ,0,0,0,$0 
4240,CA,Calaveras (County),WILSEYVILLE,95257,1, $-   ,1, $-   ,1,0,0,0,0,$0 ,$0 ,$0 ,$0 ,$0 ,0,0,0,$0 
4240,CA,Lake (County),CLEARLAKE,95422,14,$179.74 ,10,"$1,797.44 ",8,2,0,0,0,$2 ,"$11,807.03 ",$619 ,"$10,010 ","$1,178 ",$1 ,$1 ,0,$0 
4240,CA,Lake (County),CLEARLAKE OAKS,95423,7,"$71,778.57 ",3,"$215,335.70 ",2,0,0,0,$1 ,$1 ,"$32,900.00 ","$31,466 ","$1,434 ",$0 ,0,0,$1 ,$1 
4240,CA,Lake (County),COBB,59426,1,"$216,682.39 ",1,"$216,682.39 ",0,0,0,0,$1 ,$0 ,$0 ,$0 ,$0 ,$0 ,0,0,0,$0 
4240,CA,Lake (County),COBB,95426,452,"$153,588.15 ",333,"$51,144,853.01 ",54,41,1,$2 ,$235 ,$116 ,"$552,008.01 ","$410,362 ","$47,542 ","$94,104 ",$101 ,$4 ,$11 ,$10 
4240,CA,Lake (County),COBB,95451,1, $-   ,1, $-   ,1,0,0,0,0,$0 ,$0 ,$0 ,$0 ,$0 ,0,0,0,$0 
4240,CA,Lake (County),HIDDEN VALLEY,95467,1,"$215,619.99 ",1,"$215,619.99 ",0,0,0,0,$1 ,$1 ,"$1,495.19 ","$1,495 ",$0 ,$0 ,$1 ,0,0,$0 
4240,CA,Lake (County),HIDDEN VALLEY LAKE,95467,309,"$83,896.72 ",218,"$18,289,485.21 ",53,79,0,$1 ,$85 ,$74 ,"$283,159.54 ","$235,098 ","$11,876 ","$36,186 ",$67 ,$1 ,$6 ,$4 
4240,CA,Lake (County),HIDDEN VALLY LAKE,95467,1, $-   ,1, $-   ,1,0,0,0,0,$0 ,$0 ,$0 ,$0 ,$0 ,0,0,0,$0 
4240,CA,Lake (County),KELSEYVILLE,95451,30,"$1,292.76 ",11,"$14,220.41 ",7,4,0,0,0,$3 ,"$4,370.22 ",$606 ,$0 ,"$3,764 ",$3 ,0,0,$0 
4240,CA,Lake (County),LAKEPORT,95453,3, $-   ,2, $-   ,2,0,0,0,0,$0 ,$0 ,$0 ,$0 ,$0 ,0,0,0,$0 
4240,CA,Lake (County),LOCH LOMOND,95461,13,"$51,869.26 ",10,"$518,692.60 ",4,2,0,$1 ,$3 ,$3 ,"$7,727.15 ","$5,593 ","$1,434 ",$700 ,$3 ,0,0,$0 
4240,CA,Lake (County),LOCHLOMOND,95426,1, $-   ,1, $-   ,1,0,0,0,0,$0 ,$0 ,$0 ,$0 ,$0 ,0,0,0,$0 
4240,CA,Lake (County),LOWER LAKE,95457,27,"$83,438.13 ",13,"$1,084,695.63 ",7,1,0,0,$5 ,$1 ,"$32,900.00 ","$31,466 ","$1,434 ",$0 ,0,0,$1 ,$1 
4240,CA,Lake (County),LUCERNE,95458,1, $-   ,1, $-   ,1,0,0,0,0,$0 ,$0 ,$0 ,$0 ,$0 ,0,0,0,$0 
4240,CA,Lake (County),MIDDLETOWM,95461,1,"$63,216.75 ",1,"$63,216.75 ",0,0,0,0,$1 ,$1 ,"$32,900.00 ","$30,048 ","$2,852 ",$0 ,0,0,$1 ,$1 
4240,CA,Lake (County),MIDDLETOWN,94567,1, $-   ,1, $-   ,1,0,0,0,0,$0 ,$0 ,$0 ,$0 ,$0 ,0,0,0,$0 
4240,CA,Lake (County),MIDDLETOWN,95426,2, $-   ,1, $-   ,1,0,0,0,0,$0 ,$0 ,$0 ,$0 ,$0 ,0,0,0,$0 
4240,CA,Lake (County),MIDDLETOWN,95461,547,"$119,434.91 ",398,"$47,535,093.36 ",58,57,3,$13 ,$267 ,$240 ,"$2,156,889.11 ","$1,848,903 ","$127,981 ","$180,005 ",$179 ,$9 ,$52 ,$47 
4240,CA,Lake (County),MIDDLETOWN,95465,1, $-   ,1, $-   ,1,0,0,0,0,$0 ,$0 ,$0 ,$0 ,$0 ,0,0,0,$0 
4240,CA,Lake (County),MIDLETOWN,95461,1, $-   ,1, $-   ,1,0,0,0,0,$0 ,$0 ,$0 ,$0 ,$0 ,0,0,0,$0 
4240,CA,Lake (County),NICE,95464,1, $-   ,1, $-   ,1,0,0,0,0,$0 ,$0 ,$0 ,$0 ,$0 ,0,0,0,$0 
4240,CA,Lake (County),SACRAMENTO,95814,1, $-   ,1, $-   ,1,0,0,0,0,$0 ,$0 ,$0 ,$0 ,$0 ,0,0,0,$0 
4193,CA,Napa (County),AMERICAN,94502,1,"$1,221.82 ",1,"$1,221.82 ",0,1,0,0,0,$0 ,$0 ,$0 ,$0 ,$0 ,0,0,0,$0 
4193,CA,Napa (County),AMERICAN CANYON,94503,332,"$1,494.01 ",309,"$461,648.49 ",14,294,1,0,0,$224 ,"$415,183.67 ","$351,080 ","$43,726 ","$20,378 ",$219 ,$5 ,0,$0 
4193,CA,Napa (County),AMERICAN CYN,94503,2,$452.10 ,2,$904.20 ,0,2,0,0,0,$0 ,$0 ,$0 ,$0 ,$0 ,0,0,0,$0 
4193,CA,Napa (County),CALISTOGA,94515,3,$42.96 ,3,$128.88 ,0,3,0,0,0,$0 ,$0 ,$0 ,$0 ,$0 ,0,0,0,$0 
4193,CA,Napa (County),NAPA,94558,"2,935","$2,481.64 ",2666,"$6,616,050.66 ",72,"2,515",56,$13 ,$10 ,"$1,950 ","$5,709,303.19 ","$5,077,621 ","$387,995 ","$243,687 ","$1,847 ",$84 ,$19 ,$10 
4193,CA,Napa (County),NAPA,94559,"1,020","$4,063.12 ",826,"$3,356,136.71 ",15,740,51,$10 ,$10 ,$685 ,"$3,007,705.71 ","$2,691,648 ","$265,080 ","$50,978 ",$614 ,$55 ,$16 ,$11 
4193,CA,Napa (County),RUTHERFORD,94573,1,"$8,509.60 ",1,"$8,509.60 ",0,1,0,0,0,$1 ,"$8,366.70 ","$8,367 ",$0 ,$0 ,$1 ,0,0,$0 
4193,CA,Napa (County),SAINT HELENA,94574,7,"$5,057.71 ",7,"$35,403.94 ",1,5,0,$1 ,0,$2 ,"$33,451.15 ","$31,189 ","$2,262 ",$0 ,$1 ,0,$1 ,$0 
4193,CA,Napa (County),SAN FRANCISCO,94115,1, $-   ,1, $-   ,1,0,0,0,0,$0 ,$0 ,$0 ,$0 ,$0 ,0,0,0,$0 
4193,CA,Napa (County),YOUNTVILLE,94599,34,"$1,969.71 ",29,"$57,121.62 ",3,26,0,0,0,$24 ,"$55,435.79 ","$44,333 ","$2,262 ","$8,841 ",$24 ,0,0,$0 
4193,CA,Solano (County),BENICIA,94510,14,$799.62 ,13,"$10,395.09 ",3,10,0,0,0,$5 ,"$8,965.41 ","$8,965 ",$0 ,$0 ,$5 ,0,0,$0 
4193,CA,Solano (County),ELMIRA,95625,1, $-   ,1, $-   ,1,0,0,0,0,$0 ,$0 ,$0 ,$0 ,$0 ,0,0,0,$0 
4193,CA,Solano (County),FAIRFIELD,94533,17,$959.70 ,13,"$12,476.10 ",3,10,0,0,0,$7 ,"$13,607.26 ","$10,044 ","$2,414 ","$1,150 ",$7 ,0,0,$0 
4193,CA,Solano (County),FAIRFIELD,94534,16,"$2,217.58 ",14,"$31,046.18 ",2,11,1,0,0,$5 ,"$29,917.50 ","$27,504 ","$2,414 ",$0 ,$4 ,$1 ,0,$0 
4193,CA,Solano (County),NAPA,94558,3,"$1,812.65 ",3,"$5,437.96 ",0,3,0,0,0,$3 ,"$4,719.09 ","$4,251 ",$0 ,$468 ,$3 ,0,0,$0 
4193,CA,Solano (County),RIO VISTA,94571,1,$628.12 ,1,$628.12 ,0,1,0,0,0,$1 ,$394.50 ,$0 ,$0 ,$395 ,$1 ,0,0,$0 
4193,CA,Solano (County),SUISUN CITY,94585,12,$582.64 ,12,"$6,991.69 ",2,10,0,0,0,$5 ,"$5,163.42 ","$4,710 ",$0 ,$453 ,$5 ,0,0,$0 
4193,CA,Solano (County),VACAVILLE,95687,17,$963.28 ,16,"$15,412.42 ",2,14,0,0,0,$5 ,"$4,214.41 ","$4,076 ",$0 ,$139 ,$5 ,0,0,$0 
4193,CA,Solano (County),VACAVILLE,95688,5,$938.53 ,5,"$4,692.63 ",2,3,0,0,0,$2 ,"$7,104.37 ","$4,690 ","$2,414 ",$0 ,$2 ,0,0,$0 
4193,CA,Solano (County),VALLEJO,94589,278,"$1,195.23 ",259,"$309,565.06 ",25,230,4,0,0,$144 ,"$334,554.70 ","$251,228 ","$68,268 ","$15,059 ",$137 ,$7 ,0,$0 
4193,CA,Solano (County),VALLEJO,94590,361,"$2,035.66 ",300,"$610,697.06 ",23,271,5,0,$1 ,$194 ,"$594,130.62 ","$550,974 ","$34,326 ","$8,831 ",$188 ,$5 ,$1 ,$0 
4193,CA,Solano (County),VALLEJO,94591,117,$873.89 ,107,"$93,505.72 ",10,97,0,0,0,$52 ,"$116,972.25 ","$79,970 ","$35,512 ","$1,490 ",$52 ,0,0,$0 
4193,CA,Solano (County),VALLEJO,94592,7,"$2,179.10 ",4,"$8,716.38 ",1,3,0,0,0,$1 ,"$11,470.07 ","$7,912 ","$3,558 ",$0 ,0,$1 ,0,$0 
4407,CA,Butte (County),BERRY CREEK,95916,77,$6.70 ,37,$247.98 ,35,2,0,0,0,4,"$5,960.56 ",$0 ,"$5,961 ",$0 ,4,0,0,0
4407,CA,Butte (County),BIGGS,95917,2, $-   ,1, $-   ,1,0,0,0,0,0,$0 ,$0 ,$0 ,$0 ,0,0,0,0
4407,CA,Butte (County),BUTTE VALLEY,95965,9,"$1,828.26 ",4,"$7,313.03 ",3,1,0,0,0,1,"$9,785.04 ","$7,103 ","$2,682 ",$0 ,1,0,0,0
4407,CA,Butte (County),CHICO,95926,13, $-   ,3, $-   ,3,0,0,0,0,0,$0 ,$0 ,$0 ,$0 ,0,0,0,0
4407,CA,Butte (County),CHICO,95928,338,"$80,120.70 ",78,"$6,249,414.21 ",17,10,2,4,45,43,"$828,063.58 ","$610,165 ","$68,787 ","$149,112 ",24,2,17,0
4407,CA,Butte (County),CHICO,95973,21, $-   ,4, $-   ,4,0,0,0,0,0,$0 ,$0 ,$0 ,$0 ,0,0,0,0
4407,CA,Butte (County),COLUSA,95932,1, $-   ,1, $-   ,1,0,0,0,0,0,$0 ,$0 ,$0 ,$0 ,0,0,0,0
4407,CA,Butte (County),CONCOW,95965,9,"$24,717.60 ",9,"$222,458.38 ",2,1,0,4,2,6,"$143,341.82 ","$87,105 ","$16,073 ","$40,163 ",3,0,3,0
4407,CA,Butte (County),CORNING,96021,1, $-   ,1, $-   ,1,0,0,0,0,0,$0 ,$0 ,$0 ,$0 ,0,0,0,0
4407,CA,Butte (County),DEL MAR,92014,1, $-   ,1, $-   ,1,0,0,0,0,0,$0 ,$0 ,$0 ,$0 ,0,0,0,0
4407,CA,Butte (County),DURHAM,95928,1, $-   ,1, $-   ,1,0,0,0,0,0,$0 ,$0 ,$0 ,$0 ,0,0,0,0
4407,CA,Butte (County),DURHAM,95938,8, $-   ,2, $-   ,2,0,0,0,0,0,$0 ,$0 ,$0 ,$0 ,0,0,0,0
4407,CA,Butte (County),FOREST RANCH,95942,33, $-   ,7, $-   ,7,0,0,0,0,1,"$8,842.28 ",$0 ,$0 ,"$8,842 ",1,0,0,0
4407,CA,Butte (County),GRIDLEY,95948,2, $-   ,1, $-   ,1,0,0,0,0,0,$0 ,$0 ,$0 ,$0 ,0,0,0,0
4407,CA,Butte (County),MAGALIA,95954,"2,942","$51,474.66 ",874,"$44,988,851.51 ",352,47,0,15,460,258,"$4,429,374.88 ","$3,293,473 ","$463,773 ","$672,129 ",152,12,94,0
4407,CA,Butte (County),MAGALIA,95969,1, $-   ,1, $-   ,1,0,0,0,0,0,$0 ,$0 ,$0 ,$0 ,0,0,0,0
4407,CA,Butte (County),MAGALIA,96554,1, $-   ,1, $-   ,1,0,0,0,0,0,$0 ,$0 ,$0 ,$0 ,0,0,0,0
4407,CA,Butte (County),MEADOW VALLEY,95956,1, $-   ,1, $-   ,1,0,0,0,0,0,$0 ,$0 ,$0 ,$0 ,0,0,0,0
4407,CA,Butte (County),OROVILLE,95965,729,"$66,592.33 ",396,"$26,370,561.16 ",103,25,3,49,216,258,"$6,569,141.85 ","$4,838,981 ","$574,939 ","$1,155,221 ",91,20,147,0
4407,CA,Butte (County),OROVILLE,95966,20,$74.70 ,8,$597.60 ,7,1,0,0,0,2,"$1,491.60 ",$598 ,$894 ,$0 ,2,0,0,0
4407,CA,Butte (County),PARADISE,95929,1,"$25,121.99 ",1,"$25,121.99 ",0,0,0,1,0,0,$0 ,$0 ,$0 ,$0 ,0,0,0,0
4407,CA,Butte (County),PARADISE,95959,1, $-   ,1, $-   ,1,0,0,0,0,0,$0 ,$0 ,$0 ,$0 ,0,0,0,0
4407,CA,Butte (County),PARADISE,95964,1,"$29,046.90 ",1,"$29,046.90 ",0,0,0,1,0,0,$0 ,$0 ,$0 ,$0 ,0,0,0,0
4407,CA,Butte (County),PARADISE,95965,1, $-   ,1, $-   ,1,0,0,0,0,0,$0 ,$0 ,$0 ,$0 ,0,0,0,0
4407,CA,Butte (County),PARADISE,95967,3,"$14,718.32 ",2,"$29,436.64 ",1,0,0,1,0,1,"$6,521.97 ",$0 ,"$1,788 ","$4,734 ",1,0,0,0
4407,CA,Butte (County),PARADISE,95969,"8,935","$88,677.17 ",2330,"$206,617,800.13 ",180,56,1,179,"1,914",1126,"$32,411,776.73 ","$24,921,614 ","$2,472,877 ","$5,017,286 ",308,92,726,0
4407,CA,Butte (County),PULGA,95965,1, $-   ,1, $-   ,1,0,0,0,0,0,$0 ,$0 ,$0 ,$0 ,0,0,0,0
4407,CA,Butte (County),STIRLING CITY,95978,31, $-   ,9, $-   ,9,0,0,0,0,0,$0 ,$0 ,$0 ,$0 ,0,0,0,0
4407,CA,Butte (County),YANKEE HILL,95965,44,"$85,462.09 ",19,"$1,623,779.62 ",1,3,0,2,13,15,"$232,432.68 ","$168,090 ","$23,716 ","$40,627 ",10,0,5,0
4407,CA,Los Angeles (County),AGOURA,91301,30,"$35,377.89 ",8,"$283,023.11 ",4,2,0,0,2,2,"$37,847.99 ","$34,900 ","$2,768 ",$180 ,1,0,1,0
4407,CA,Los Angeles (County),AGOURA HILLS,91301,546,"$47,727.07 ",203,"$9,688,595.39 ",72,24,0,1,106,65,"$739,367.58 ","$381,269 ","$271,204 ","$86,895 ",48,4,13,0
4407,CA,Los Angeles (County),ARCADIA,91007,1, $-   ,1, $-   ,1,0,0,0,0,0,$0 ,$0 ,$0 ,$0 ,0,0,0,0
4407,CA,Los Angeles (County),BELL CANYON,91307,7,"$76,399.58 ",3,"$229,198.74 ",2,0,0,0,1,0,$0 ,$0 ,$0 ,$0 ,0,0,0,0
4407,CA,Los Angeles (County),BELL GARDENS,90201,1, $-   ,1, $-   ,1,0,0,0,0,0,$0 ,$0 ,$0 ,$0 ,0,0,0,0
4407,CA,Los Angeles (County),BEVERLY HILLS,90210,1, $-   ,1, $-   ,1,0,0,0,0,0,$0 ,$0 ,$0 ,$0 ,0,0,0,0
4407,CA,Los Angeles (County),CALABASAS,91301,9, $-   ,2, $-   ,2,0,0,0,0,0,$0 ,$0 ,$0 ,$0 ,0,0,0,0
4407,CA,Los Angeles (County),CALABASAS,91302,110,"$63,662.39 ",11,"$700,286.28 ",7,1,0,0,3,3,"$38,027.98 ","$34,900 ","$2,768 ",$360 ,2,0,1,0
4407,CA,Los Angeles (County),CALABASAS HILLS,91301,4, $-   ,2, $-   ,2,0,0,0,0,0,$0 ,$0 ,$0 ,$0 ,0,0,0,0
4407,CA,Los Angeles (County),CANOGA PARK,91303,2, $-   ,1, $-   ,1,0,0,0,0,0,$0 ,$0 ,$0 ,$0 ,0,0,0,0
4407,CA,Los Angeles (County),CANOGA PARK,91304,11,"$39,125.02 ",6,"$234,750.10 ",5,0,0,0,1,1,"$37,668.00 ","$34,900 ","$2,768 ",$0 ,0,0,1,0
4407,CA,Los Angeles (County),CARSON,90745,1, $-   ,1, $-   ,1,0,0,0,0,0,$0 ,$0 ,$0 ,$0 ,0,0,0,0
4407,CA,Los Angeles (County),CASTAIC,91384,1, $-   ,1, $-   ,1,0,0,0,0,0,$0 ,$0 ,$0 ,$0 ,0,0,0,0
4407,CA,Los Angeles (County),CHATSWORTH,91311,1, $-   ,1, $-   ,1,0,0,0,0,0,$0 ,$0 ,$0 ,$0 ,0,0,0,0
4407,CA,Los Angeles (County),COMPTON,90220,1, $-   ,1, $-   ,1,0,0,0,0,0,$0 ,$0 ,$0 ,$0 ,0,0,0,0
4407,CA,Los Angeles (County),CORNELL,91301,9,"$24,745.73 ",6,"$148,474.36 ",3,0,0,0,3,2,"$48,960.55 ","$34,900 ","$6,350 ","$7,711 ",1,0,1,0
4407,CA,Los Angeles (County),CULVER CITY,90230,1, $-   ,1, $-   ,1,0,0,0,0,0,$0 ,$0 ,$0 ,$0 ,0,0,0,0
4407,CA,Los Angeles (County),DAVIS,95616,1, $-   ,1, $-   ,1,0,0,0,0,0,$0 ,$0 ,$0 ,$0 ,0,0,0,0
4407,CA,Los Angeles (County),ENCINO,91436,1, $-   ,1, $-   ,1,0,0,0,0,0,$0 ,$0 ,$0 ,$0 ,0,0,0,0
4407,CA,Los Angeles (County),GLENDALE,91207,1, $-   ,1, $-   ,1,0,0,0,0,0,$0 ,$0 ,$0 ,$0 ,0,0,0,0
4407,CA,Los Angeles (County),GRANADA HILLS,91344,3, $-   ,2, $-   ,2,0,0,0,0,0,$0 ,$0 ,$0 ,$0 ,0,0,0,0
4407,CA,Los Angeles (County),HALF MOON BAY,94019,1, $-   ,1, $-   ,1,0,0,0,0,0,$0 ,$0 ,$0 ,$0 ,0,0,0,0
4407,CA,Los Angeles (County),HIDDEN HILLS,91302,2,$90.00 ,2,$179.99 ,1,1,0,0,0,1,$179.99 ,$0 ,$0 ,$180 ,1,0,0,0
4407,CA,Los Angeles (County),INGLEWOOD,90305,1, $-   ,1, $-   ,1,0,0,0,0,0,$0 ,$0 ,$0 ,$0 ,0,0,0,0
4407,CA,Los Angeles (County),LA CRESCENTA,91214,1, $-   ,1, $-   ,1,0,0,0,0,0,$0 ,$0 ,$0 ,$0 ,0,0,0,0
4407,CA,Los Angeles (County),LAGUNA NIGUEL,92677,1, $-   ,1, $-   ,1,0,0,0,0,0,$0 ,$0 ,$0 ,$0 ,0,0,0,0
4407,CA,Los Angeles (County),LANCASTER,93534,1, $-   ,1, $-   ,1,0,0,0,0,0,$0 ,$0 ,$0 ,$0 ,0,0,0,0
4407,CA,Los Angeles (County),LAWNDALE,90260,1, $-   ,1, $-   ,1,0,0,0,0,0,$0 ,$0 ,$0 ,$0 ,0,0,0,0
4407,CA,Los Angeles (County),LOS ANGELES,90001,1, $-   ,1, $-   ,1,0,0,0,0,0,$0 ,$0 ,$0 ,$0 ,0,0,0,0
4407,CA,Los Angeles (County),LOS ANGELES,90002,1, $-   ,1, $-   ,1,0,0,0,0,0,$0 ,$0 ,$0 ,$0 ,0,0,0,0
4407,CA,Los Angeles (County),LOS ANGELES,90004,1, $-   ,1, $-   ,1,0,0,0,0,0,$0 ,$0 ,$0 ,$0 ,0,0,0,0
4407,CA,Los Angeles (County),LOS ANGELES,90019,1, $-   ,1, $-   ,1,0,0,0,0,0,$0 ,$0 ,$0 ,$0 ,0,0,0,0
4407,CA,Los Angeles (County),LOS ANGELES,90024,1, $-   ,1, $-   ,1,0,0,0,0,0,$0 ,$0 ,$0 ,$0 ,0,0,0,0
4407,CA,Los Angeles (County),LOS ANGELES,90025,1, $-   ,1, $-   ,1,0,0,0,0,0,$0 ,$0 ,$0 ,$0 ,0,0,0,0
4407,CA,Los Angeles (County),LOS ANGELES,90027,1, $-   ,1, $-   ,1,0,0,0,0,0,$0 ,$0 ,$0 ,$0 ,0,0,0,0
4407,CA,Los Angeles (County),LOS ANGELES,90057,1, $-   ,1, $-   ,1,0,0,0,0,0,$0 ,$0 ,$0 ,$0 ,0,0,0,0
4407,CA,Los Angeles (County),MALIBU,90263,1, $-   ,1, $-   ,1,0,0,0,0,0,$0 ,$0 ,$0 ,$0 ,0,0,0,0
4407,CA,Los Angeles (County),MALIBU,90265,"1,275","$81,068.97 ",204,"$16,538,069.48 ",71,38,0,18,77,81,"$1,228,768.53 ","$854,506 ","$258,833 ","$115,429 ",50,3,28,0
4407,CA,Los Angeles (County),MISSION HILLS,91345,2, $-   ,1, $-   ,1,0,0,0,0,0,$0 ,$0 ,$0 ,$0 ,0,0,0,0
4407,CA,Los Angeles (County),MONTEBELLO,90640,1, $-   ,1, $-   ,1,0,0,0,0,0,$0 ,$0 ,$0 ,$0 ,0,0,0,0
4407,CA,Los Angeles (County),MONTE NIDO,91302,1,"$2,397.34 ",1,"$2,397.34 ",0,1,0,0,0,0,$0 ,$0 ,$0 ,$0 ,0,0,0,0
4407,CA,Los Angeles (County),NORTH HOLLYWOOD,91606,1, $-   ,1, $-   ,1,0,0,0,0,0,$0 ,$0 ,$0 ,$0 ,0,0,0,0
4407,CA,Los Angeles (County),NORWALK,90650,1, $-   ,1, $-   ,1,0,0,0,0,0,$0 ,$0 ,$0 ,$0 ,0,0,0,0
4407,CA,Los Angeles (County),PACIFIC PALISADES,90272,1, $-   ,1, $-   ,1,0,0,0,0,0,$0 ,$0 ,$0 ,$0 ,0,0,0,0
4407,CA,Los Angeles (County),PALMDALE,93551,1, $-   ,1, $-   ,1,0,0,0,0,0,$0 ,$0 ,$0 ,$0 ,0,0,0,0
4407,CA,Los Angeles (County),PARADISE,95969,1,"$235,542.95 ",1,"$235,542.95 ",0,0,0,0,1,1,"$2,768.00 ",$0 ,"$2,768 ",$0 ,1,0,0,0
4407,CA,Los Angeles (County),POMONA,91766,1, $-   ,1, $-   ,1,0,0,0,0,0,$0 ,$0 ,$0 ,$0 ,0,0,0,0
4407,CA,Los Angeles (County),POMONA,91767,1, $-   ,1, $-   ,1,0,0,0,0,0,$0 ,$0 ,$0 ,$0 ,0,0,0,0
4407,CA,Los Angeles (County),PORTER RANCH,91326,1, $-   ,1, $-   ,1,0,0,0,0,0,$0 ,$0 ,$0 ,$0 ,0,0,0,0
4407,CA,Los Angeles (County),ROSEMEAD,91770,1, $-   ,1, $-   ,1,0,0,0,0,0,$0 ,$0 ,$0 ,$0 ,0,0,0,0
4407,CA,Los Angeles (County),SAN DIMAS,91773,1, $-   ,1, $-   ,1,0,0,0,0,0,$0 ,$0 ,$0 ,$0 ,0,0,0,0
4407,CA,Los Angeles (County),SAN FERNANDO,91340,1, $-   ,1, $-   ,1,0,0,0,0,0,$0 ,$0 ,$0 ,$0 ,0,0,0,0
4407,CA,Los Angeles (County),SAN PEDRO,90731,1, $-   ,1, $-   ,1,0,0,0,0,0,$0 ,$0 ,$0 ,$0 ,0,0,0,0
4407,CA,Los Angeles (County),SANTA CLARITA,91350,1, $-   ,1, $-   ,1,0,0,0,0,0,$0 ,$0 ,$0 ,$0 ,0,0,0,0
4407,CA,Los Angeles (County),SANTA MONICA,90405,2, $-   ,1, $-   ,1,0,0,0,0,0,$0 ,$0 ,$0 ,$0 ,0,0,0,0
4407,CA,Los Angeles (County),SHERMAN OAKS,91423,1, $-   ,1, $-   ,1,0,0,0,0,0,$0 ,$0 ,$0 ,$0 ,0,0,0,0
4407,CA,Los Angeles (County),STEVENSON RANCH,91381,1, $-   ,1, $-   ,1,0,0,0,0,0,$0 ,$0 ,$0 ,$0 ,0,0,0,0
4407,CA,Los Angeles (County),STUDIO CITY,91604,1, $-   ,1, $-   ,1,0,0,0,0,0,$0 ,$0 ,$0 ,$0 ,0,0,0,0
4407,CA,Los Angeles (County),SYLMAR,91342,1, $-   ,1, $-   ,1,0,0,0,0,0,$0 ,$0 ,$0 ,$0 ,0,0,0,0
4407,CA,Los Angeles (County),TARZANA,91356,1, $-   ,1, $-   ,1,0,0,0,0,0,$0 ,$0 ,$0 ,$0 ,0,0,0,0
4407,CA,Los Angeles (County),TOPANGA,90290,14, $-   ,2, $-   ,2,0,0,0,0,0,$0 ,$0 ,$0 ,$0 ,0,0,0,0
4407,CA,Los Angeles (County),TORRANCE,90502,1, $-   ,1, $-   ,1,0,0,0,0,0,$0 ,$0 ,$0 ,$0 ,0,0,0,0
4407,CA,Los Angeles (County),WEST HILLS,91304,13, $-   ,1, $-   ,1,0,0,0,0,0,$0 ,$0 ,$0 ,$0 ,0,0,0,0
4407,CA,Los Angeles (County),WEST HILLS,91307,21,"$1,257.55 ",4,"$5,030.18 ",2,2,0,0,0,2,"$2,947.99 ",$0 ,"$2,768 ",$180 ,2,0,0,0
4407,CA,Los Angeles (County),WESTLAKE VILLAGE,91361,41,"$32,405.14 ",22,"$712,912.98 ",10,1,0,0,11,1,"$5,774.00 ",$0 ,"$5,774 ",$0 ,1,0,0,0
4407,CA,Los Angeles (County),WINNETKA,91306,2, $-   ,1, $-   ,1,0,0,0,0,0,$0 ,$0 ,$0 ,$0 ,0,0,0,0
4407,CA,Los Angeles (County),WOODLAND HILLS,91364,5, $-   ,3, $-   ,3,0,0,0,0,0,$0 ,$0 ,$0 ,$0 ,0,0,0,0
4407,CA,Los Angeles (County),WOODLAND HILLS,91367,5, $-   ,2, $-   ,2,0,0,0,0,0,$0 ,$0 ,$0 ,$0 ,0,0,0,0
4407,CA,Ventura (County),BELL CANYON,91307,53,"$69,206.50 ",11,"$761,271.49 ",4,2,0,1,4,1,"$40,938.00 ","$34,900 ","$6,038 ",$0 ,0,0,1,0
4407,CA,Ventura (County),CAMARILLO,93010,1, $-   ,1, $-   ,1,0,0,0,0,0,$0 ,$0 ,$0 ,$0 ,0,0,0,0
4407,CA,Ventura (County),CAMARILLO,93012,1, $-   ,1, $-   ,1,0,0,0,0,0,$0 ,$0 ,$0 ,$0 ,0,0,0,0
4407,CA,Ventura (County),MALIBU,90265,49,"$19,198.31 ",11,"$211,181.45 ",4,2,0,2,3,6,"$190,686.23 ","$153,372 ","$33,635 ","$3,679 ",1,0,5,0
4407,CA,Ventura (County),MOORPARK,93021,1, $-   ,1, $-   ,1,0,0,0,0,0,$0 ,$0 ,$0 ,$0 ,0,0,0,0
4407,CA,Ventura (County),NEWBURY PARK,91320,27,"$6,375.91 ",14,"$89,262.76 ",5,7,1,0,1,2,"$6,790.24 ",$0 ,"$6,610 ",$180 ,2,0,0,0
4407,CA,Ventura (County),OAK PARK,91377,79,"$21,453.64 ",11,"$235,990.02 ",9,1,0,0,1,0,$0 ,$0 ,$0 ,$0 ,0,0,0,0
4407,CA,Ventura (County),OAK VIEW,93022,1, $-   ,1, $-   ,1,0,0,0,0,0,$0 ,$0 ,$0 ,$0 ,0,0,0,0
4407,CA,Ventura (County),OXNARD,93035,2, $-   ,1, $-   ,1,0,0,0,0,0,$0 ,$0 ,$0 ,$0 ,0,0,0,0
4407,CA,Ventura (County),SANTA ROSA VALLEY,93012,1, $-   ,1, $-   ,1,0,0,0,0,0,$0 ,$0 ,$0 ,$0 ,0,0,0,0
4407,CA,Ventura (County),SIMI VALLEY,93063,3, $-   ,1, $-   ,1,0,0,0,0,0,$0 ,$0 ,$0 ,$0 ,0,0,0,0
4407,CA,Ventura (County),SIMI VALLEY,93065,6, $-   ,3, $-   ,3,0,0,0,0,0,$0 ,$0 ,$0 ,$0 ,0,0,0,0
4407,CA,Ventura (County),THOUSAND OAKS,91360,6, $-   ,2, $-   ,2,0,0,0,0,0,$0 ,$0 ,$0 ,$0 ,0,0,0,0
4407,CA,Ventura (County),THOUSAND OAKS,91361,6,"$1,044.84 ",6,"$6,269.04 ",0,6,0,0,0,2,"$1,044.84 ","$1,045 ",$0 ,$0 ,2,0,0,0
4407,CA,Ventura (County),THOUSAND OAKS,91362,74,"$69,239.90 ",10,"$692,398.96 ",4,2,1,0,3,1,"$45,080.26 ","$34,900 ","$2,724 ","$7,456 ",0,0,1,0
4407,CA,Ventura (County),VENTURA,93001,4, $-   ,2, $-   ,2,0,0,0,0,0,$0 ,$0 ,$0 ,$0 ,0,0,0,0
4407,CA,Ventura (County),VENTURA,93003,4, $-   ,2, $-   ,2,0,0,0,0,0,$0 ,$0 ,$0 ,$0 ,0,0,0,0
4407,CA,Ventura (County),VENTURA,93004,2, $-   ,2, $-   ,2,0,0,0,0,0,$0 ,$0 ,$0 ,$0 ,0,0,0,0
4407,CA,Ventura (County),WEST HILLS,91307,25,$299.80 ,3,$899.40 ,2,1,0,0,0,1,$179.99 ,$0 ,$0 ,$180 ,1,0,0,0
4407,CA,Ventura (County),WESTLAKE VILLAGE,91361,27,"$11,627.63 ",13,"$151,159.17 ",4,6,0,0,3,2,"$76,114.00 ","$69,800 ","$6,314 ",$0 ,0,0,2,0
4407,CA,Ventura (County),WESTLAKE VILLAGE,91362,12, $-   ,2, $-   ,2,0,0,0,0,0,$0 ,$0 ,$0 ,$0 ,0,0,0,0
