Disaster,State,County,City,Zip Code,Valid Registrations,Total Inspected,Inspected with No Damage,Total with Moderate Damage,Total with Major Damage,Total with Substantial Damage,Approved for FEMA Assistance,Total Approved IHP Amount,Repair/Replace Amount,Rental Amount,Other Needs Amount,"Approved between $1 and $10,000","Approved between $10,001 and $25,000","Approved between $25,001 and Max",Total Max Grants
4407,CA,Butte (County),BANGOR,95914,2,1,1,0,0,0,0, $-   , $-   , $-   ,$0 ,0,0,0,0
4407,CA,Butte (County),BERRY CREEK,95916,59,40,40,0,0,0,1,"$1,144.00 ", $-   ,"$1,144.00 ",$0 ,1,0,0,0
4407,CA,Butte (County),BUTTE VALLEY,95965,1,1,1,0,0,0,0, $-   , $-   , $-   ,$0 ,0,0,0,0
4407,CA,Butte (County),BUTTE VALLEY,96956,1,1,1,0,0,0,0, $-   , $-   , $-   ,$0 ,0,0,0,0
4407,CA,Butte (County),CHICO,95926,48,18,18,0,0,0,0, $-   , $-   , $-   ,$0 ,0,0,0,0
4407,CA,Butte (County),CHICO,95927,1,1,1,0,0,0,0, $-   , $-   , $-   ,$0 ,0,0,0,0
4407,CA,Butte (County),CHICO,95928,185,130,126,3,1,0,78,"$555,603.83 ", $-   ,"$221,570.24 ","$334,034 ",54,24,0,0
4407,CA,Butte (County),CHICO,95973,25,6,6,0,0,0,1,"$8,317.00 ", $-   ,"$8,317.00 ",$0 ,1,0,0,0
4407,CA,Butte (County),CONCOW,95954,1,1,1,0,0,0,1,"$1,788.00 ", $-   ,"$1,788.00 ",$0 ,1,0,0,0
4407,CA,Butte (County),CONCOW,95965,11,11,10,1,0,0,8,"$36,684.28 ", $-   ,"$12,382.00 ","$24,302 ",8,0,0,0
4407,CA,Butte (County),DURHAM,95938,4,3,3,0,0,0,0, $-   , $-   , $-   ,$0 ,0,0,0,0
4407,CA,Butte (County),FOREST RANCH,95942,16,7,7,0,0,0,0, $-   , $-   , $-   ,$0 ,0,0,0,0
4407,CA,Butte (County),GRIDLEY,95948,5,1,1,0,0,0,0, $-   , $-   , $-   ,$0 ,0,0,0,0
4407,CA,Butte (County),HAMILTON CITY,95951,1,1,1,0,0,0,0, $-   , $-   , $-   ,$0 ,0,0,0,0
4407,CA,Butte (County),LATHROP,95330,1,1,1,0,0,0,0, $-   , $-   , $-   ,$0 ,0,0,0,0
4407,CA,Butte (County),LODI,95242,1,0,0,0,0,0,0, $-   , $-   , $-   ,$0 ,0,0,0,0
4407,CA,Butte (County),MAGALIA,95954,1822,1575,1553,21,1,0,870,"$5,445,737.35 ", $-   ,"$2,175,828.12 ","$3,269,909 ",649,212,9,0
4407,CA,Butte (County),MAGALIA,95969,1,1,1,0,0,0,0, $-   , $-   , $-   ,$0 ,0,0,0,0
4407,CA,Butte (County),OREGON HOUSE,95962,1,1,1,0,0,0,0, $-   , $-   , $-   ,$0 ,0,0,0,0
4407,CA,Butte (County),ORLAND,95963,1,0,0,0,0,0,0, $-   , $-   , $-   ,$0 ,0,0,0,0
4407,CA,Butte (County),OROVILLE,95965,390,319,311,8,0,0,177,"$1,073,767.93 ", $-   ,"$416,730.95 ","$657,037 ",136,41,0,0
4407,CA,Butte (County),OROVILLE,95966,40,16,16,0,0,0,0, $-   , $-   , $-   ,$0 ,0,0,0,0
4407,CA,Butte (County),PALERMO,95968,1,0,0,0,0,0,0, $-   , $-   , $-   ,$0 ,0,0,0,0
4407,CA,Butte (County),PARADISE,95928,1,0,0,0,0,0,0, $-   , $-   , $-   ,$0 ,0,0,0,0
4407,CA,Butte (County),PARADISE,95965,1,1,1,0,0,0,0, $-   , $-   , $-   ,$0 ,0,0,0,0
4407,CA,Butte (County),PARADISE,95967,3,3,3,0,0,0,1,"$3,308.00 ", $-   ,"$3,308.00 ",$0 ,1,0,0,0
4407,CA,Butte (County),PARADISE,95969,6729,5756,5698,47,11,0,4422,"$31,168,895.56 ", $-   ,"$12,369,778.44 ","$18,799,117 ","3,286","1,091",45,0
4407,CA,Butte (County),PARADISE,97969,1,0,0,0,0,0,0, $-   , $-   , $-   ,$0 ,0,0,0,0
4407,CA,Butte (County),SAN LEANDRO,94577,1,1,1,0,0,0,0, $-   , $-   , $-   ,$0 ,0,0,0,0
4407,CA,Butte (County),STIRLING CITY,95978,39,30,30,0,0,0,4,"$4,234.51 ", $-   ,"$4,234.51 ",$0 ,4,0,0,0
4407,CA,Butte (County),THERMALITO,95965,1,0,0,0,0,0,0, $-   , $-   , $-   ,$0 ,0,0,0,0
4407,CA,Butte (County),YANKEE HILL,95965,20,16,16,0,0,0,13,"$79,047.91 ", $-   ,"$30,916.00 ","$48,132 ",10,3,0,0
4407,CA,Butte (County),YUBA CITY,95993,1,1,1,0,0,0,0, $-   , $-   , $-   ,$0 ,0,0,0,0
4407,CA,Los Angeles (County),AGOURA,91301,2,2,2,0,0,0,1,"$2,768.00 ", $-   ,"$2,768.00 ",$0 ,1,0,0,0
4407,CA,Los Angeles (County),AGOURA HILLS,91301,241,165,158,4,3,0,96,"$582,233.04 ", $-   ,"$357,793.76 ","$224,439 ",80,14,2,0
4407,CA,Los Angeles (County),ARCADIA,91006,1,1,1,0,0,0,0, $-   , $-   , $-   ,$0 ,0,0,0,0
4407,CA,Los Angeles (County),BELL CANYON,91307,1,1,1,0,0,0,0, $-   , $-   , $-   ,$0 ,0,0,0,0
4407,CA,Los Angeles (County),BEVERLY HILLS,90035,1,1,1,0,0,0,0, $-   , $-   , $-   ,$0 ,0,0,0,0
4407,CA,Los Angeles (County),BEVERLY HILLS,90210,1,1,1,0,0,0,0, $-   , $-   , $-   ,$0 ,0,0,0,0
4407,CA,Los Angeles (County),BURBANK,91501,1,1,1,0,0,0,0, $-   , $-   , $-   ,$0 ,0,0,0,0
4407,CA,Los Angeles (County),BURBANK,91504,1,0,0,0,0,0,0, $-   , $-   , $-   ,$0 ,0,0,0,0
4407,CA,Los Angeles (County),BURBANK,91506,1,1,1,0,0,0,0, $-   , $-   , $-   ,$0 ,0,0,0,0
4407,CA,Los Angeles (County),CALABASAS,91301,4,2,2,0,0,0,0, $-   , $-   , $-   ,$0 ,0,0,0,0
4407,CA,Los Angeles (County),CALABASAS,91302,166,71,69,2,0,0,12,"$37,601.92 ", $-   ,"$34,047.21 ","$3,555 ",11,1,0,0
4407,CA,Los Angeles (County),CALABASAS,91367,1,1,1,0,0,0,0, $-   , $-   , $-   ,$0 ,0,0,0,0
4407,CA,Los Angeles (County),CALABASAS HILLS,91301,1,1,1,0,0,0,0, $-   , $-   , $-   ,$0 ,0,0,0,0
4407,CA,Los Angeles (County),CANOGA PARK,91303,1,1,1,0,0,0,0, $-   , $-   , $-   ,$0 ,0,0,0,0
4407,CA,Los Angeles (County),CANOGA PARK,91304,4,3,3,0,0,0,0, $-   , $-   , $-   ,$0 ,0,0,0,0
4407,CA,Los Angeles (County),CARSON,90746,1,0,0,0,0,0,0, $-   , $-   , $-   ,$0 ,0,0,0,0
4407,CA,Los Angeles (County),CASTAIC,91384,1,0,0,0,0,0,0, $-   , $-   , $-   ,$0 ,0,0,0,0
4407,CA,Los Angeles (County),CHATSWORTH,91311,3,0,0,0,0,0,0, $-   , $-   , $-   ,$0 ,0,0,0,0
4407,CA,Los Angeles (County),COMPTON,90220,1,1,1,0,0,0,0, $-   , $-   , $-   ,$0 ,0,0,0,0
4407,CA,Los Angeles (County),ENCINO,91316,1,0,0,0,0,0,0, $-   , $-   , $-   ,$0 ,0,0,0,0
4407,CA,Los Angeles (County),GLENDALE,91202,1,1,1,0,0,0,0, $-   , $-   , $-   ,$0 ,0,0,0,0
4407,CA,Los Angeles (County),GLENDALE,91204,1,1,1,0,0,0,0, $-   , $-   , $-   ,$0 ,0,0,0,0
4407,CA,Los Angeles (County),GLENDALE,91208,1,0,0,0,0,0,0, $-   , $-   , $-   ,$0 ,0,0,0,0
4407,CA,Los Angeles (County),GRANADA HILLS,91344,1,1,1,0,0,0,0, $-   , $-   , $-   ,$0 ,0,0,0,0
4407,CA,Los Angeles (County),HAWTHORNE,90250,1,0,0,0,0,0,0, $-   , $-   , $-   ,$0 ,0,0,0,0
4407,CA,Los Angeles (County),INGLEWOOD,90302,1,1,1,0,0,0,0, $-   , $-   , $-   ,$0 ,0,0,0,0
4407,CA,Los Angeles (County),INGLEWOOD,90303,1,0,0,0,0,0,0, $-   , $-   , $-   ,$0 ,0,0,0,0
4407,CA,Los Angeles (County),LANCASTER,93536,1,1,1,0,0,0,0, $-   , $-   , $-   ,$0 ,0,0,0,0
4407,CA,Los Angeles (County),LOS ANGELES,90001,1,0,0,0,0,0,0, $-   , $-   , $-   ,$0 ,0,0,0,0
4407,CA,Los Angeles (County),LOS ANGELES,90002,1,1,1,0,0,0,0, $-   , $-   , $-   ,$0 ,0,0,0,0
4407,CA,Los Angeles (County),LOS ANGELES,90003,2,2,2,0,0,0,0, $-   , $-   , $-   ,$0 ,0,0,0,0
4407,CA,Los Angeles (County),LOS ANGELES,90004,1,0,0,0,0,0,0, $-   , $-   , $-   ,$0 ,0,0,0,0
4407,CA,Los Angeles (County),LOS ANGELES,90006,2,2,2,0,0,0,0, $-   , $-   , $-   ,$0 ,0,0,0,0
4407,CA,Los Angeles (County),LOS ANGELES,90008,1,1,1,0,0,0,0, $-   , $-   , $-   ,$0 ,0,0,0,0
4407,CA,Los Angeles (County),LOS ANGELES,90010,2,0,0,0,0,0,0, $-   , $-   , $-   ,$0 ,0,0,0,0
4407,CA,Los Angeles (County),LOS ANGELES,90019,2,1,1,0,0,0,0, $-   , $-   , $-   ,$0 ,0,0,0,0
4407,CA,Los Angeles (County),LOS ANGELES,90022,1,0,0,0,0,0,0, $-   , $-   , $-   ,$0 ,0,0,0,0
4407,CA,Los Angeles (County),LOS ANGELES,90025,1,1,1,0,0,0,0, $-   , $-   , $-   ,$0 ,0,0,0,0
4407,CA,Los Angeles (County),LOS ANGELES,90026,1,1,1,0,0,0,0, $-   , $-   , $-   ,$0 ,0,0,0,0
4407,CA,Los Angeles (County),LOS ANGELES,90029,1,1,1,0,0,0,0, $-   , $-   , $-   ,$0 ,0,0,0,0
4407,CA,Los Angeles (County),LOS ANGELES,90032,2,2,2,0,0,0,0, $-   , $-   , $-   ,$0 ,0,0,0,0
4407,CA,Los Angeles (County),LOS ANGELES,90033,1,1,1,0,0,0,0, $-   , $-   , $-   ,$0 ,0,0,0,0
4407,CA,Los Angeles (County),LOS ANGELES,90043,2,2,2,0,0,0,0, $-   , $-   , $-   ,$0 ,0,0,0,0
4407,CA,Los Angeles (County),LOS ANGELES,90044,1,1,1,0,0,0,0, $-   , $-   , $-   ,$0 ,0,0,0,0
4407,CA,Los Angeles (County),LOS ANGELES,90045,1,0,0,0,0,0,0, $-   , $-   , $-   ,$0 ,0,0,0,0
4407,CA,Los Angeles (County),LOS ANGELES,90047,1,1,1,0,0,0,0, $-   , $-   , $-   ,$0 ,0,0,0,0
4407,CA,Los Angeles (County),LOS ANGELES,90049,2,1,1,0,0,0,0, $-   , $-   , $-   ,$0 ,0,0,0,0
4407,CA,Los Angeles (County),LOS ANGELES,90056,1,0,0,0,0,0,0, $-   , $-   , $-   ,$0 ,0,0,0,0
4407,CA,Los Angeles (County),LOS ANGELES,90059,1,1,1,0,0,0,0, $-   , $-   , $-   ,$0 ,0,0,0,0
4407,CA,Los Angeles (County),LOS ANGELES,90066,3,2,2,0,0,0,1,"$2,768.00 ", $-   ,"$2,768.00 ",$0 ,1,0,0,0
4407,CA,Los Angeles (County),LOS ANGELES,90077,1,1,1,0,0,0,0, $-   , $-   , $-   ,$0 ,0,0,0,0
4407,CA,Los Angeles (County),LYNWOOD,90262,2,1,1,0,0,0,0, $-   , $-   , $-   ,$0 ,0,0,0,0
4407,CA,Los Angeles (County),MALIBU,90263,1,0,0,0,0,0,0, $-   , $-   , $-   ,$0 ,0,0,0,0
4407,CA,Los Angeles (County),MALIBU,90265,908,599,553,37,9,0,380,"$2,318,849.60 ", $-   ,"$1,398,269.57 ","$920,580 ",306,69,5,0
4407,CA,Los Angeles (County),MONROVIA,91016,1,0,0,0,0,0,0, $-   , $-   , $-   ,$0 ,0,0,0,0
4407,CA,Los Angeles (County),NORTH HILLS,91343,2,2,2,0,0,0,0, $-   , $-   , $-   ,$0 ,0,0,0,0
4407,CA,Los Angeles (County),NORTH HOLLYWOOD,91601,1,1,1,0,0,0,0, $-   , $-   , $-   ,$0 ,0,0,0,0
4407,CA,Los Angeles (County),NORTHRIDGE,91326,1,0,0,0,0,0,0, $-   , $-   , $-   ,$0 ,0,0,0,0
4407,CA,Los Angeles (County),PACIFIC PALISADES,90272,1,1,1,0,0,0,0, $-   , $-   , $-   ,$0 ,0,0,0,0
4407,CA,Los Angeles (County),PALMDALE,93552,1,1,1,0,0,0,0, $-   , $-   , $-   ,$0 ,0,0,0,0
4407,CA,Los Angeles (County),POMONA,91768,1,1,1,0,0,0,0, $-   , $-   , $-   ,$0 ,0,0,0,0
4407,CA,Los Angeles (County),PORTER RANCH,91326,1,0,0,0,0,0,0, $-   , $-   , $-   ,$0 ,0,0,0,0
4407,CA,Los Angeles (County),REDONDO BEACH,90277,1,0,0,0,0,0,0, $-   , $-   , $-   ,$0 ,0,0,0,0
4407,CA,Los Angeles (County),SAN DIEGO,92109,1,1,1,0,0,0,0, $-   , $-   , $-   ,$0 ,0,0,0,0
4407,CA,Los Angeles (County),SANTA CLARITA,91350,2,1,1,0,0,0,0, $-   , $-   , $-   ,$0 ,0,0,0,0
4407,CA,Los Angeles (County),SANTA MONICA,90401,1,1,1,0,0,0,0, $-   , $-   , $-   ,$0 ,0,0,0,0
4407,CA,Los Angeles (County),SANTA MONICA,90402,1,1,1,0,0,0,0, $-   , $-   , $-   ,$0 ,0,0,0,0
4407,CA,Los Angeles (County),SANTA MONICA,90403,1,0,0,0,0,0,0, $-   , $-   , $-   ,$0 ,0,0,0,0
4407,CA,Los Angeles (County),SANTA MONICA,90405,1,1,1,0,0,0,0, $-   , $-   , $-   ,$0 ,0,0,0,0
4407,CA,Los Angeles (County),SHERMAN OAKS,91411,1,0,0,0,0,0,0, $-   , $-   , $-   ,$0 ,0,0,0,0
4407,CA,Los Angeles (County),SHERMAN OAKS,91423,1,1,1,0,0,0,0, $-   , $-   , $-   ,$0 ,0,0,0,0
4407,CA,Los Angeles (County),SYLMAR,91342,3,2,2,0,0,0,0, $-   , $-   , $-   ,$0 ,0,0,0,0
4407,CA,Los Angeles (County),THOUSAND OAKS,91360,1,0,0,0,0,0,0, $-   , $-   , $-   ,$0 ,0,0,0,0
4407,CA,Los Angeles (County),TOPANGA,90290,10,5,5,0,0,0,0, $-   , $-   , $-   ,$0 ,0,0,0,0
4407,CA,Los Angeles (County),VAN NUYS,91405,3,1,1,0,0,0,0, $-   , $-   , $-   ,$0 ,0,0,0,0
4407,CA,Los Angeles (County),WEST HILLS,91304,3,2,2,0,0,0,0, $-   , $-   , $-   ,$0 ,0,0,0,0
4407,CA,Los Angeles (County),WEST HILLS,91307,4,3,3,0,0,0,2,"$8,099.84 ", $-   ,"$5,536.00 ","$2,564 ",2,0,0,0
4407,CA,Los Angeles (County),WESTLAKE VILLAGE,91361,11,7,5,0,2,0,4,"$13,106.00 ", $-   ,"$13,106.00 ",$0 ,4,0,0,0
4407,CA,Los Angeles (County),WESTLAKE VILLAGE,91362,2,2,2,0,0,0,0, $-   , $-   , $-   ,$0 ,0,0,0,0
4407,CA,Los Angeles (County),WHITTIER,90605,2,1,1,0,0,0,0, $-   , $-   , $-   ,$0 ,0,0,0,0
4407,CA,Los Angeles (County),WOODLAND HILLS,91364,2,0,0,0,0,0,0, $-   , $-   , $-   ,$0 ,0,0,0,0
4407,CA,Los Angeles (County),WOODLAND HILLS,91367,3,1,1,0,0,0,0, $-   , $-   , $-   ,$0 ,0,0,0,0
4407,CA,Ventura (County),AGOURA HILLS,91301,1,0,0,0,0,0,0, $-   , $-   , $-   ,$0 ,0,0,0,0
4407,CA,Ventura (County),BELL CANYON,91307,4,3,3,0,0,0,2,"$21,391.33 ", $-   ,"$12,562.00 ","$8,829 ",1,1,0,0
4407,CA,Ventura (County),CAMARILLO,93010,5,1,1,0,0,0,0, $-   , $-   , $-   ,$0 ,0,0,0,0
4407,CA,Ventura (County),CAMARILLO,93012,4,0,0,0,0,0,0, $-   , $-   , $-   ,$0 ,0,0,0,0
4407,CA,Ventura (County),MALIBU,90265,40,33,28,4,1,0,21,"$111,806.22 ", $-   ,"$77,293.89 ","$34,512 ",17,4,0,0
4407,CA,Ventura (County),NEWBURY PARK,91320,8,4,4,0,0,0,0, $-   , $-   , $-   ,$0 ,0,0,0,0
4407,CA,Ventura (County),OAK PARK,91377,44,20,20,0,0,0,4,"$54,843.62 ", $-   ,"$53,662.00 ","$1,182 ",2,0,2,0
4407,CA,Ventura (County),OJAI,93023,1,0,0,0,0,0,0, $-   , $-   , $-   ,$0 ,0,0,0,0
4407,CA,Ventura (County),OXNARD,93030,4,1,1,0,0,0,0, $-   , $-   , $-   ,$0 ,0,0,0,0
4407,CA,Ventura (County),OXNARD,93033,1,1,1,0,0,0,0, $-   , $-   , $-   ,$0 ,0,0,0,0
4407,CA,Ventura (County),OXNARD,93035,1,0,0,0,0,0,0, $-   , $-   , $-   ,$0 ,0,0,0,0
4407,CA,Ventura (County),PORT HUENEME,93041,1,0,0,0,0,0,0, $-   , $-   , $-   ,$0 ,0,0,0,0
4407,CA,Ventura (County),SIMI VALLEY,93063,6,1,1,0,0,0,0, $-   , $-   , $-   ,$0 ,0,0,0,0
4407,CA,Ventura (County),SIMI VALLEY,93065,5,2,2,0,0,0,0, $-   , $-   , $-   ,$0 ,0,0,0,0
4407,CA,Ventura (County),THOUSAND OAKS,91320,1,1,1,0,0,0,0, $-   , $-   , $-   ,$0 ,0,0,0,0
4407,CA,Ventura (County),THOUSAND OAKS,91360,14,6,6,0,0,0,0, $-   , $-   , $-   ,$0 ,0,0,0,0
4407,CA,Ventura (County),THOUSAND OAKS,91361,1,1,1,0,0,0,0, $-   , $-   , $-   ,$0 ,0,0,0,0
4407,CA,Ventura (County),THOUSAND OAKS,91362,39,21,19,1,1,0,4,"$23,120.83 ", $-   ,"$9,904.00 ","$13,217 ",3,1,0,0
4407,CA,Ventura (County),VENTURA,93001,7,6,6,0,0,0,0, $-   , $-   , $-   ,$0 ,0,0,0,0
4407,CA,Ventura (County),VENTURA,93003,5,4,4,0,0,0,0, $-   , $-   , $-   ,$0 ,0,0,0,0
4407,CA,Ventura (County),VENTURA,93004,4,3,3,0,0,0,0, $-   , $-   , $-   ,$0 ,0,0,0,0
4407,CA,Ventura (County),WEST HILLS,91307,5,3,3,0,0,0,2,"$4,265.99 ", $-   ,"$4,086.00 ",$180 ,2,0,0,0
4407,CA,Ventura (County),WESTLAKE VILLAGE,91361,19,10,10,0,0,0,4,"$14,485.27 ", $-   ,"$12,796.00 ","$1,689 ",4,0,0,0
4407,CA,Ventura (County),WESTLAKE VILLAGE,91362,5,3,3,0,0,0,0, $-   , $-   , $-   ,$0 ,0,0,0,0
4353,CA,Los Angeles (County),ALTADENA,91001,1,1,1,0,0,0,0, $-   , $-   , $-   ,$0 ,0,0,0,0
4353,CA,Los Angeles (County),BELLFLOWER,90706,1,0,0,0,0,0,0, $-   , $-   , $-   ,$0 ,0,0,0,0
4353,CA,Los Angeles (County),BURBANK,91505,1,1,1,0,0,0,0, $-   , $-   , $-   ,$0 ,0,0,0,0
4353,CA,Los Angeles (County),BURBANK,91506,1,1,1,0,0,0,0, $-   , $-   , $-   ,$0 ,0,0,0,0
4353,CA,Los Angeles (County),CANOGA PARK,91304,1,1,1,0,0,0,0, $-   , $-   , $-   ,$0 ,0,0,0,0
4353,CA,Los Angeles (County),CARSON,90745,1,1,1,0,0,0,0, $-   , $-   , $-   ,$0 ,0,0,0,0
4353,CA,Los Angeles (County),CASTAIC,91384,1,0,0,0,0,0,0, $-   , $-   , $-   ,$0 ,0,0,0,0
4353,CA,Los Angeles (County),CHATSWORTH,91311,1,1,1,0,0,0,0, $-   , $-   , $-   ,$0 ,0,0,0,0
4353,CA,Los Angeles (County),CLAREMONT,91711,1,1,1,0,0,0,0, $-   , $-   , $-   ,$0 ,0,0,0,0
4353,CA,Los Angeles (County),COMPTON,90220,1,1,1,0,0,0,0, $-   , $-   , $-   ,$0 ,0,0,0,0
4353,CA,Los Angeles (County),COMPTON,90222,1,1,1,0,0,0,0, $-   , $-   , $-   ,$0 ,0,0,0,0
4353,CA,Los Angeles (County),ENCINO,91436,2,2,2,0,0,0,0, $-   , $-   , $-   ,$0 ,0,0,0,0
4353,CA,Los Angeles (County),GARDEN GROVE,92841,1,1,1,0,0,0,0, $-   , $-   , $-   ,$0 ,0,0,0,0
4353,CA,Los Angeles (County),GLENDALE,91206,2,2,2,0,0,0,0, $-   , $-   , $-   ,$0 ,0,0,0,0
4353,CA,Los Angeles (County),GLENDORA,91741,1,1,1,0,0,0,0, $-   , $-   , $-   ,$0 ,0,0,0,0
4353,CA,Los Angeles (County),LAKE HUGHES,93532,1,1,1,0,0,0,0, $-   , $-   , $-   ,$0 ,0,0,0,0
4353,CA,Los Angeles (County),LAKE VIEW TERRACE,91342,3,3,3,0,0,0,0, $-   , $-   , $-   ,$0 ,0,0,0,0
4353,CA,Los Angeles (County),LAKEWOOD,90713,1,1,1,0,0,0,0, $-   , $-   , $-   ,$0 ,0,0,0,0
4353,CA,Los Angeles (County),LANCASTER,93534,1,1,1,0,0,0,0, $-   , $-   , $-   ,$0 ,0,0,0,0
4353,CA,Los Angeles (County),LANCASTER,93535,2,1,1,0,0,0,0, $-   , $-   , $-   ,$0 ,0,0,0,0
4353,CA,Los Angeles (County),LANCASTER,93536,1,1,1,0,0,0,0, $-   , $-   , $-   ,$0 ,0,0,0,0
4353,CA,Los Angeles (County),LONG BEACH,90804,1,0,0,0,0,0,0, $-   , $-   , $-   ,$0 ,0,0,0,0
4353,CA,Los Angeles (County),LONG BEACH,90805,1,1,1,0,0,0,0, $-   , $-   , $-   ,$0 ,0,0,0,0
4353,CA,Los Angeles (County),LONG BEACH,90810,1,1,1,0,0,0,0, $-   , $-   , $-   ,$0 ,0,0,0,0
4353,CA,Los Angeles (County),LOS ANGELES,90001,1,0,0,0,0,0,0, $-   , $-   , $-   ,$0 ,0,0,0,0
4353,CA,Los Angeles (County),LOS ANGELES,90002,3,2,2,0,0,0,0, $-   , $-   , $-   ,$0 ,0,0,0,0
4353,CA,Los Angeles (County),LOS ANGELES,90008,4,4,4,0,0,0,0, $-   , $-   , $-   ,$0 ,0,0,0,0
4353,CA,Los Angeles (County),LOS ANGELES,90013,1,1,1,0,0,0,0, $-   , $-   , $-   ,$0 ,0,0,0,0
4353,CA,Los Angeles (County),LOS ANGELES,90017,1,1,1,0,0,0,0, $-   , $-   , $-   ,$0 ,0,0,0,0
4353,CA,Los Angeles (County),LOS ANGELES,90019,1,1,1,0,0,0,0, $-   , $-   , $-   ,$0 ,0,0,0,0
4353,CA,Los Angeles (County),LOS ANGELES,90024,3,0,0,0,0,0,0, $-   , $-   , $-   ,$0 ,0,0,0,0
4353,CA,Los Angeles (County),LOS ANGELES,90025,2,2,2,0,0,0,0, $-   , $-   , $-   ,$0 ,0,0,0,0
4353,CA,Los Angeles (County),LOS ANGELES,90028,1,1,1,0,0,0,0, $-   , $-   , $-   ,$0 ,0,0,0,0
4353,CA,Los Angeles (County),LOS ANGELES,90031,2,1,1,0,0,0,0, $-   , $-   , $-   ,$0 ,0,0,0,0
4353,CA,Los Angeles (County),LOS ANGELES,90033,1,0,0,0,0,0,0, $-   , $-   , $-   ,$0 ,0,0,0,0
4353,CA,Los Angeles (County),LOS ANGELES,90034,1,0,0,0,0,0,0, $-   , $-   , $-   ,$0 ,0,0,0,0
4353,CA,Los Angeles (County),LOS ANGELES,90035,1,1,1,0,0,0,0, $-   , $-   , $-   ,$0 ,0,0,0,0
4353,CA,Los Angeles (County),LOS ANGELES,90037,1,1,1,0,0,0,0, $-   , $-   , $-   ,$0 ,0,0,0,0
4353,CA,Los Angeles (County),LOS ANGELES,90043,1,0,0,0,0,0,0, $-   , $-   , $-   ,$0 ,0,0,0,0
4353,CA,Los Angeles (County),LOS ANGELES,90044,2,0,0,0,0,0,0, $-   , $-   , $-   ,$0 ,0,0,0,0
4353,CA,Los Angeles (County),LOS ANGELES,90047,1,1,1,0,0,0,0, $-   , $-   , $-   ,$0 ,0,0,0,0
4353,CA,Los Angeles (County),LOS ANGELES,90077,1,0,0,0,0,0,0, $-   , $-   , $-   ,$0 ,0,0,0,0
4353,CA,Los Angeles (County),LYNWOOD,90262,1,0,0,0,0,0,0, $-   , $-   , $-   ,$0 ,0,0,0,0
4353,CA,Los Angeles (County),MONTEBELLO,90640,1,0,0,0,0,0,0, $-   , $-   , $-   ,$0 ,0,0,0,0
4353,CA,Los Angeles (County),NORTH HILLS,91343,1,0,0,0,0,0,0, $-   , $-   , $-   ,$0 ,0,0,0,0
4353,CA,Los Angeles (County),NORTH HOLLYWOOD,91605,1,1,1,0,0,0,0, $-   , $-   , $-   ,$0 ,0,0,0,0
4353,CA,Los Angeles (County),PACOIMA,91331,1,0,0,0,0,0,0, $-   , $-   , $-   ,$0 ,0,0,0,0
4353,CA,Los Angeles (County),PALMDALE,93550,1,1,1,0,0,0,0, $-   , $-   , $-   ,$0 ,0,0,0,0
4353,CA,Los Angeles (County),PANORAMA CITY,91402,2,0,0,0,0,0,0, $-   , $-   , $-   ,$0 ,0,0,0,0
4353,CA,Los Angeles (County),PASADENA,91101,1,1,1,0,0,0,0, $-   , $-   , $-   ,$0 ,0,0,0,0
4353,CA,Los Angeles (County),PASADENA,91104,1,1,1,0,0,0,0, $-   , $-   , $-   ,$0 ,0,0,0,0
4353,CA,Los Angeles (County),PICO RIVERA,90660,3,3,3,0,0,0,0, $-   , $-   , $-   ,$0 ,0,0,0,0
4353,CA,Los Angeles (County),POMONA,91766,1,1,1,0,0,0,0, $-   , $-   , $-   ,$0 ,0,0,0,0
4353,CA,Los Angeles (County),RANCHO PALOS VERDES,90275,1,1,1,0,0,0,0, $-   , $-   , $-   ,$0 ,0,0,0,0
4353,CA,Los Angeles (County),REDONDO BEACH,90278,1,1,1,0,0,0,0, $-   , $-   , $-   ,$0 ,0,0,0,0
4353,CA,Los Angeles (County),SAN FERNANDO,91340,1,1,1,0,0,0,1,$249.99 , $-   , $-   ,$250 ,1,0,0,0
4353,CA,Los Angeles (County),SANTA MONICA,90402,1,1,1,0,0,0,0, $-   , $-   , $-   ,$0 ,0,0,0,0
4353,CA,Los Angeles (County),SHADOW HILLS,91040,2,1,1,0,0,0,0, $-   , $-   , $-   ,$0 ,0,0,0,0
4353,CA,Los Angeles (County),SHERMAN OAKS,91423,2,2,2,0,0,0,0, $-   , $-   , $-   ,$0 ,0,0,0,0
4353,CA,Los Angeles (County),SOUTH GATE,90280,1,1,1,0,0,0,0, $-   , $-   , $-   ,$0 ,0,0,0,0
4353,CA,Los Angeles (County),STUDIO CITY,91604,1,1,1,0,0,0,0, $-   , $-   , $-   ,$0 ,0,0,0,0
4353,CA,Los Angeles (County),SUNLAND,91040,7,6,6,0,0,0,5,"$37,076.12 ", $-   ,"$13,598.00 ","$23,478 ",3,2,0,0
4353,CA,Los Angeles (County),SYLMAR,91342,30,25,23,2,0,0,9,"$52,620.77 ", $-   ,"$25,910.00 ","$26,711 ",8,1,0,0
4353,CA,Los Angeles (County),TARZANA,91356,1,0,0,0,0,0,0, $-   , $-   , $-   ,$0 ,0,0,0,0
4353,CA,Los Angeles (County),TUJUNGA,91042,1,1,1,0,0,0,0, $-   , $-   , $-   ,$0 ,0,0,0,0
4353,CA,Los Angeles (County),VALENCIA,91355,1,1,1,0,0,0,0, $-   , $-   , $-   ,$0 ,0,0,0,0
4353,CA,Los Angeles (County),VAN NUYS,91401,1,1,1,0,0,0,0, $-   , $-   , $-   ,$0 ,0,0,0,0
4353,CA,Los Angeles (County),VAN NUYS,91405,1,0,0,0,0,0,0, $-   , $-   , $-   ,$0 ,0,0,0,0
4353,CA,Los Angeles (County),VAN NUYS,91406,1,1,1,0,0,0,0, $-   , $-   , $-   ,$0 ,0,0,0,0
4353,CA,Los Angeles (County),VENICE,90291,1,0,0,0,0,0,0, $-   , $-   , $-   ,$0 ,0,0,0,0
4353,CA,San Diego (County),BONSALL,92003,30,22,20,2,0,0,13,"$85,222.69 ", $-   ,"$33,001.92 ","$52,221 ",9,4,0,0
4353,CA,San Diego (County),CARLSBAD,92009,2,2,2,0,0,0,0, $-   , $-   , $-   ,$0 ,0,0,0,0
4353,CA,San Diego (County),CHULA VISTA,91911,1,1,1,0,0,0,0, $-   , $-   , $-   ,$0 ,0,0,0,0
4353,CA,San Diego (County),EL CAJON,92020,1,1,1,0,0,0,0, $-   , $-   , $-   ,$0 ,0,0,0,0
4353,CA,San Diego (County),ENCINITAS,92024,1,1,1,0,0,0,0, $-   , $-   , $-   ,$0 ,0,0,0,0
4353,CA,San Diego (County),ESCONDIDO,92025,1,0,0,0,0,0,0, $-   , $-   , $-   ,$0 ,0,0,0,0
4353,CA,San Diego (County),FALLBROOK,92028,16,12,10,2,0,0,7,"$27,351.26 ", $-   ,"$22,096.00 ","$5,255 ",7,0,0,0
4353,CA,San Diego (County),LAKESIDE,92040,2,2,2,0,0,0,0, $-   , $-   , $-   ,$0 ,0,0,0,0
4353,CA,San Diego (County),OCEANSIDE,92058,1,0,0,0,0,0,0, $-   , $-   , $-   ,$0 ,0,0,0,0
4353,CA,San Diego (County),POWAY,92064,1,1,1,0,0,0,0, $-   , $-   , $-   ,$0 ,0,0,0,0
4353,CA,San Diego (County),RAMONA,92065,1,1,1,0,0,0,0, $-   , $-   , $-   ,$0 ,0,0,0,0
4353,CA,San Diego (County),SAN DIEGO,92102,1,1,1,0,0,0,0, $-   , $-   , $-   ,$0 ,0,0,0,0
4353,CA,San Diego (County),SAN DIEGO,92107,1,1,1,0,0,0,0, $-   , $-   , $-   ,$0 ,0,0,0,0
4353,CA,San Diego (County),SAN DIEGO,92108,1,1,1,0,0,0,0, $-   , $-   , $-   ,$0 ,0,0,0,0
4353,CA,San Diego (County),SAN DIEGO,92111,1,1,1,0,0,0,0, $-   , $-   , $-   ,$0 ,0,0,0,0
4353,CA,San Diego (County),SAN DIEGO,92113,1,1,1,0,0,0,0, $-   , $-   , $-   ,$0 ,0,0,0,0
4353,CA,San Diego (County),SAN DIEGO,92122,1,1,1,0,0,0,0, $-   , $-   , $-   ,$0 ,0,0,0,0
4353,CA,San Diego (County),SAN DIEGO,92129,1,1,1,0,0,0,0, $-   , $-   , $-   ,$0 ,0,0,0,0
4353,CA,San Diego (County),SAN DIEGO,92154,1,0,0,0,0,0,0, $-   , $-   , $-   ,$0 ,0,0,0,0
4353,CA,San Diego (County),SOLANA BEACH,92075,2,2,2,0,0,0,0, $-   , $-   , $-   ,$0 ,0,0,0,0
4353,CA,Santa Barbara (County),BUELLTON,93427,1,0,0,0,0,0,0, $-   , $-   , $-   ,$0 ,0,0,0,0
4353,CA,Santa Barbara (County),CARPINTERIA,93013,98,30,26,3,1,0,14,"$95,417.50 ", $-   ,"$38,268.00 ","$57,150 ",10,4,0,0
4353,CA,Santa Barbara (County),GOLETA,93117,20,1,1,0,0,0,0, $-   , $-   , $-   ,$0 ,0,0,0,0
4353,CA,Santa Barbara (County),LOMPOC,93436,2,1,1,0,0,0,0, $-   , $-   , $-   ,$0 ,0,0,0,0
4353,CA,Santa Barbara (County),MONTECITO,93103,1,1,1,0,0,0,0, $-   , $-   , $-   ,$0 ,0,0,0,0
4353,CA,Santa Barbara (County),MONTECITO,93108,95,41,27,13,1,0,27,"$75,184.75 ", $-   ,"$60,021.51 ","$15,163 ",26,1,0,0
4353,CA,Santa Barbara (County),OXNARD,93035,1,0,0,0,0,0,0, $-   , $-   , $-   ,$0 ,0,0,0,0
4353,CA,Santa Barbara (County),SAN DIEGO,92101,1,0,0,0,0,0,0, $-   , $-   , $-   ,$0 ,0,0,0,0
4353,CA,Santa Barbara (County),SANTA BARBARA,93101,68,12,10,2,0,0,5,"$8,996.86 ", $-   ,"$8,465.00 ",$532 ,5,0,0,0
4353,CA,Santa Barbara (County),SANTA BARBARA,93103,42,13,12,1,0,0,2,"$3,848.02 ", $-   ,"$2,594.00 ","$1,254 ",2,0,0,0
4353,CA,Santa Barbara (County),SANTA BARBARA,93105,35,7,7,0,0,0,0, $-   , $-   , $-   ,$0 ,0,0,0,0
4353,CA,Santa Barbara (County),SANTA BARBARA,93107,1,0,0,0,0,0,0, $-   , $-   , $-   ,$0 ,0,0,0,0
4353,CA,Santa Barbara (County),SANTA BARBARA,93108,385,200,140,54,6,0,134,"$467,353.77 ", $-   ,"$356,488.97 ","$110,865 ",127,7,0,0
4353,CA,Santa Barbara (County),SANTA BARBARA,93109,8,0,0,0,0,0,0, $-   , $-   , $-   ,$0 ,0,0,0,0
4353,CA,Santa Barbara (County),SANTA BARBARA,93110,17,3,3,0,0,0,0, $-   , $-   , $-   ,$0 ,0,0,0,0
4353,CA,Santa Barbara (County),SANTA BARBARA,93111,10,0,0,0,0,0,0, $-   , $-   , $-   ,$0 ,0,0,0,0
4353,CA,Santa Barbara (County),SANTA BARBARA,93150,1,0,0,0,0,0,0, $-   , $-   , $-   ,$0 ,0,0,0,0
4353,CA,Santa Barbara (County),SOLVANG,93463,6,0,0,0,0,0,0, $-   , $-   , $-   ,$0 ,0,0,0,0
4353,CA,Santa Barbara (County),SUMMERLAND,93067,19,5,4,1,0,0,3,"$4,090.99 ", $-   ,"$3,891.00 ",$200 ,3,0,0,0
4353,CA,Santa Barbara (County),VENTURA,93001,1,0,0,0,0,0,0, $-   , $-   , $-   ,$0 ,0,0,0,0
4353,CA,Santa Barbara (County),VENTURA,93004,1,0,0,0,0,0,0, $-   , $-   , $-   ,$0 ,0,0,0,0
4353,CA,Ventura (County),CAMARILLO,93010,3,0,0,0,0,0,0, $-   , $-   , $-   ,$0 ,0,0,0,0
4353,CA,Ventura (County),CAMARILLO,93012,2,0,0,0,0,0,0, $-   , $-   , $-   ,$0 ,0,0,0,0
4353,CA,Ventura (County),CARPINTERIA,93013,2,2,2,0,0,0,2,"$19,174.00 ", $-   ,"$19,174.00 ",$0 ,1,1,0,0
4353,CA,Ventura (County),FILLMORE,93015,4,2,2,0,0,0,0, $-   , $-   , $-   ,$0 ,0,0,0,0
4353,CA,Ventura (County),MOORPARK,93021,1,1,1,0,0,0,1,"$2,616.00 ", $-   ,"$2,616.00 ",$0 ,1,0,0,0
4353,CA,Ventura (County),OAK VIEW,93022,10,2,2,0,0,0,0, $-   , $-   , $-   ,$0 ,0,0,0,0
4353,CA,Ventura (County),OJAI,93023,137,73,70,3,0,0,46,"$238,328.03 ", $-   ,"$138,899.66 ","$99,428 ",42,3,1,0
4353,CA,Ventura (County),OXNARD,93030,2,1,1,0,0,0,0, $-   , $-   , $-   ,$0 ,0,0,0,0
4353,CA,Ventura (County),OXNARD,93033,2,0,0,0,0,0,0, $-   , $-   , $-   ,$0 ,0,0,0,0
4353,CA,Ventura (County),OXNARD,93035,2,0,0,0,0,0,0, $-   , $-   , $-   ,$0 ,0,0,0,0
4353,CA,Ventura (County),OXNARD,93036,4,1,1,0,0,0,0, $-   , $-   , $-   ,$0 ,0,0,0,0
4353,CA,Ventura (County),PORT HUENEME,93041,1,0,0,0,0,0,0, $-   , $-   , $-   ,$0 ,0,0,0,0
4353,CA,Ventura (County),SANTA PAULA,93060,68,47,46,1,0,0,39,"$240,317.92 ", $-   ,"$134,752.12 ","$105,566 ",31,7,1,0
4353,CA,Ventura (County),SIMI VALLEY,93063,2,1,1,0,0,0,0, $-   , $-   , $-   ,$0 ,0,0,0,0
4353,CA,Ventura (County),SIMI VALLEY,93065,2,1,1,0,0,0,1,$550.77 , $-   , $-   ,$551 ,1,0,0,0
4353,CA,Ventura (County),THOUSAND OAKS,91362,1,1,1,0,0,0,0, $-   , $-   , $-   ,$0 ,0,0,0,0
4353,CA,Ventura (County),VALLEJO,94592,1,1,1,0,0,0,0, $-   , $-   , $-   ,$0 ,0,0,0,0
4353,CA,Ventura (County),VENTURA,93001,245,138,130,7,1,0,82,"$330,491.18 ", $-   ,"$227,302.64 ","$103,189 ",77,5,0,0
4353,CA,Ventura (County),VENTURA,93003,125,70,62,8,0,0,48,"$266,520.27 ", $-   ,"$193,700.05 ","$72,820 ",40,8,0,0
4353,CA,Ventura (County),VENTURA,93004,16,5,5,0,0,0,1,"$1,445.27 ", $-   , $-   ,"$1,445 ",1,0,0,0
4353,CA,Ventura (County),VENTURA,93030,1,0,0,0,0,0,0, $-   , $-   , $-   ,$0 ,0,0,0,0
4344,CA,Butte (County),BANGOR,95914,12,8,8,0,0,0,9,"$42,762.26 ", $-   ,"$13,626.00 ","$29,136 ",7,2,0,0
4344,CA,Butte (County),BANGOR,95966,1,1,1,0,0,0,1,"$9,083.91 ", $-   ,"$1,570.00 ","$7,514 ",1,0,0,0
4344,CA,Butte (County),BIGGS,95917,1,0,0,0,0,0,0, $-   , $-   , $-   ,$0 ,0,0,0,0
4344,CA,Butte (County),CHICO,95926,22,6,6,0,0,0,2,"$1,000.00 ", $-   , $-   ,"$1,000 ",2,0,0,0
4344,CA,Butte (County),CHICO,95928,17,5,5,0,0,0,1,$500.00 , $-   , $-   ,$500 ,1,0,0,0
4344,CA,Butte (County),CHICO,95973,6,1,1,0,0,0,0, $-   , $-   , $-   ,$0 ,0,0,0,0
4344,CA,Butte (County),DURHAM,95938,2,2,2,0,0,0,0, $-   , $-   , $-   ,$0 ,0,0,0,0
4344,CA,Butte (County),FOREST RANCH,95942,1,0,0,0,0,0,0, $-   , $-   , $-   ,$0 ,0,0,0,0
4344,CA,Butte (County),MAGALIA,95954,4,1,1,0,0,0,0, $-   , $-   , $-   ,$0 ,0,0,0,0
4344,CA,Butte (County),OROVILLE,95965,6,2,2,0,0,0,2,"$18,182.36 ", $-   ,"$5,772.00 ","$12,410 ",1,1,0,0
4344,CA,Butte (County),OROVILLE,95966,13,7,7,0,0,0,1,$500.00 , $-   , $-   ,$500 ,1,0,0,0
4344,CA,Butte (County),PALERMO,95968,1,0,0,0,0,0,0, $-   , $-   , $-   ,$0 ,0,0,0,0
4344,CA,Butte (County),PARADISE,95969,15,5,5,0,0,0,0, $-   , $-   , $-   ,$0 ,0,0,0,0
4344,CA,Lake (County),CLEARLAKE,95422,179,109,108,1,0,0,40,"$225,113.71 ", $-   ,"$42,966.65 ","$182,147 ",31,9,0,0
4344,CA,Lake (County),CLEARLAKE CA,95422,1,1,1,0,0,0,1,"$1,410.00 ", $-   ,"$1,410.00 ",$0 ,1,0,0,0
4344,CA,Lake (County),CLEARLAKE OAKS,95423,9,3,3,0,0,0,1,"$3,055.55 ", $-   , $-   ,"$3,056 ",1,0,0,0
4344,CA,Lake (County),CLEARLAKE PARK,95424,12,9,9,0,0,0,4,"$25,053.09 ", $-   ,"$6,058.00 ","$18,995 ",4,0,0,0
4344,CA,Lake (County),COBB,95426,2,0,0,0,0,0,0, $-   , $-   , $-   ,$0 ,0,0,0,0
4344,CA,Lake (County),HIDDEN VALLEY LAKE,95467,11,2,2,0,0,0,0, $-   , $-   , $-   ,$0 ,0,0,0,0
4344,CA,Lake (County),KELSEYVILLE,95451,11,4,4,0,0,0,0, $-   , $-   , $-   ,$0 ,0,0,0,0
4344,CA,Lake (County),LAKEPORT,95453,7,1,1,0,0,0,0, $-   , $-   , $-   ,$0 ,0,0,0,0
4344,CA,Lake (County),LOWER LAKE,95457,5,1,1,0,0,0,0, $-   , $-   , $-   ,$0 ,0,0,0,0
4344,CA,Lake (County),LUCERNE,95458,5,2,2,0,0,0,0, $-   , $-   , $-   ,$0 ,0,0,0,0
4344,CA,Lake (County),MIDDLETOWN,95461,7,2,2,0,0,0,1,$500.00 , $-   , $-   ,$500 ,1,0,0,0
4344,CA,Lake (County),NICE,95464,2,0,0,0,0,0,0, $-   , $-   , $-   ,$0 ,0,0,0,0
4344,CA,Lake (County),UPPER LAKE,95485,4,2,2,0,0,0,1,$500.00 , $-   , $-   ,$500 ,1,0,0,0
4344,CA,Mendocino (County),ALBION,95410,1,0,0,0,0,0,0, $-   , $-   , $-   ,$0 ,0,0,0,0
4344,CA,Mendocino (County),BOONVILLE,95415,1,1,1,0,0,0,0, $-   , $-   , $-   ,$0 ,0,0,0,0
4344,CA,Mendocino (County),COVELO,95428,1,1,1,0,0,0,0, $-   , $-   , $-   ,$0 ,0,0,0,0
4344,CA,Mendocino (County),FORT BRAGG,95437,9,6,6,0,0,0,1,$500.00 , $-   , $-   ,$500 ,1,0,0,0
4344,CA,Mendocino (County),LITTLE RIVER,95456,1,1,1,0,0,0,0, $-   , $-   , $-   ,$0 ,0,0,0,0
4344,CA,Mendocino (County),MENDOCINO,95460,12,3,3,0,0,0,0, $-   , $-   , $-   ,$0 ,0,0,0,0
4344,CA,Mendocino (County),POTTER CALLEY,95469,1,0,0,0,0,0,0, $-   , $-   , $-   ,$0 ,0,0,0,0
4344,CA,Mendocino (County),POTTER VALLEY,95469,47,14,14,0,0,0,8,"$33,032.55 ", $-   ,"$15,876.00 ","$17,157 ",7,1,0,0
4344,CA,Mendocino (County),POTTERVALLEY,95469,1,0,0,0,0,0,0, $-   , $-   , $-   ,$0 ,0,0,0,0
4344,CA,Mendocino (County),REDWOOD VALLEY,95470,217,155,151,3,1,0,125,"$944,091.31 ","$31,934.00 ","$258,257.55 ","$653,900 ",82,40,3,1
4344,CA,Mendocino (County),TALMAGE,95482,1,1,1,0,0,0,0, $-   , $-   , $-   ,$0 ,0,0,0,0
4344,CA,Mendocino (County),UKIAH,95482,22,6,6,0,0,0,1,"$2,275.75 ", $-   ,"$2,066.00 ",$210 ,1,0,0,0
4344,CA,Mendocino (County),WILLITS,95490,24,7,7,0,0,0,3,"$1,777.00 ", $-   ,$777.00 ,"$1,000 ",3,0,0,0
4344,CA,Napa (County),AMERICAN CANYON,94503,163,92,92,0,0,0,65,"$32,500.00 ", $-   , $-   ,"$32,500 ",65,0,0,0
4344,CA,Napa (County),ANGWIN,94508,5,2,2,0,0,0,1,$500.00 , $-   , $-   ,$500 ,1,0,0,0
4344,CA,Napa (County),CALISTOGA,94515,177,38,38,0,0,0,36,"$85,791.21 ", $-   ,"$42,564.76 ","$43,226 ",32,4,0,0
4344,CA,Napa (County),CONCORD,94520,1,0,0,0,0,0,0, $-   , $-   , $-   ,$0 ,0,0,0,0
4344,CA,Napa (County),DEER PARK,94576,2,1,1,0,0,0,0, $-   , $-   , $-   ,$0 ,0,0,0,0
4344,CA,Napa (County),FAIRFIELD,94533,1,0,0,0,0,0,0, $-   , $-   , $-   ,$0 ,0,0,0,0
4344,CA,Napa (County),FAIRFIELD,94558,1,0,0,0,0,0,0, $-   , $-   , $-   ,$0 ,0,0,0,0
4344,CA,Napa (County),LOS ANGELES,90003,1,0,0,0,0,0,0, $-   , $-   , $-   ,$0 ,0,0,0,0
4344,CA,Napa (County),NAPA,94448,1,0,0,0,0,0,1,$500.00 , $-   , $-   ,$500 ,1,0,0,0
4344,CA,Napa (County),NAPA,94558,705,233,215,8,10,0,130,"$461,639.72 ", $-   ,"$220,601.64 ","$241,038 ",118,11,1,0
4344,CA,Napa (County),NAPA,94559,196,53,50,3,0,0,13,"$15,019.36 ", $-   ,"$3,150.00 ","$11,869 ",13,0,0,0
4344,CA,Napa (County),RUTHERFORD,94573,3,2,2,0,0,0,0, $-   , $-   , $-   ,$0 ,0,0,0,0
4344,CA,Napa (County),SACR,95833,1,0,0,0,0,0,0, $-   , $-   , $-   ,$0 ,0,0,0,0
4344,CA,Napa (County),SAINT HELENA,94574,16,1,1,0,0,0,0, $-   , $-   , $-   ,$0 ,0,0,0,0
4344,CA,Napa (County),ST. HELENA,94574,34,6,6,0,0,0,1,$199.99 , $-   , $-   ,$200 ,1,0,0,0
4344,CA,Napa (County),VACAVILLE,95688,1,0,0,0,0,0,0, $-   , $-   , $-   ,$0 ,0,0,0,0
4344,CA,Napa (County),VALLEJO,94503,1,1,1,0,0,0,0, $-   , $-   , $-   ,$0 ,0,0,0,0
4344,CA,Napa (County),VALLEJO,94589,1,0,0,0,0,0,0, $-   , $-   , $-   ,$0 ,0,0,0,0
4344,CA,Napa (County),YOUNTVILLE,94599,9,2,2,0,0,0,0, $-   , $-   , $-   ,$0 ,0,0,0,0
4344,CA,Nevada (County),GRASS VALLEY,95945,10,5,5,0,0,0,0, $-   , $-   , $-   ,$0 ,0,0,0,0
4344,CA,Nevada (County),GRASS VALLEY,95949,15,11,10,1,0,0,5,"$19,060.52 ", $-   ,"$9,508.00 ","$9,553 ",5,0,0,0
4344,CA,Nevada (County),LOS ANGELES,90003,1,1,1,0,0,0,0, $-   , $-   , $-   ,$0 ,0,0,0,0
4344,CA,Nevada (County),NEVADA CITY,95959,9,6,6,0,0,0,1,$500.00 , $-   , $-   ,$500 ,1,0,0,0
4344,CA,Nevada (County),PENN VALLEY,95946,2,1,1,0,0,0,0, $-   , $-   , $-   ,$0 ,0,0,0,0
4344,CA,Nevada (County),ROUGH AND READY,95975,8,6,6,0,0,0,8,"$56,525.74 ", $-   ,"$13,546.00 ","$42,980 ",4,4,0,0
4344,CA,Nevada (County),SAN FRANCISCO,94123,1,0,0,0,0,0,0, $-   , $-   , $-   ,$0 ,0,0,0,0
4344,CA,Nevada (County),TRUCKEE,96161,8,8,8,0,0,0,0, $-   , $-   , $-   ,$0 ,0,0,0,0
4344,CA,Orange (County),ALISO VIEJO,92656,9,2,2,0,0,0,1,$500.00 , $-   , $-   ,$500 ,1,0,0,0
4344,CA,Orange (County),ANAHEIM,92801,13,6,6,0,0,0,3,"$1,500.00 ", $-   , $-   ,"$1,500 ",3,0,0,0
4344,CA,Orange (County),ANAHEIM,92802,4,0,0,0,0,0,0, $-   , $-   , $-   ,$0 ,0,0,0,0
4344,CA,Orange (County),ANAHEIM,92804,9,4,4,0,0,0,0, $-   , $-   , $-   ,$0 ,0,0,0,0
4344,CA,Orange (County),ANAHEIM,92805,7,4,4,0,0,0,0, $-   , $-   , $-   ,$0 ,0,0,0,0
4344,CA,Orange (County),ANAHEIM,92806,7,2,2,0,0,0,1,$500.00 , $-   , $-   ,$500 ,1,0,0,0
4344,CA,Orange (County),ANAHEIM,92807,14,8,8,0,0,0,0, $-   , $-   , $-   ,$0 ,0,0,0,0
4344,CA,Orange (County),ANAHEIM,92808,8,2,2,0,0,0,0, $-   , $-   , $-   ,$0 ,0,0,0,0
4344,CA,Orange (County),BREA,92821,7,3,3,0,0,0,0, $-   , $-   , $-   ,$0 ,0,0,0,0
4344,CA,Orange (County),BUENA PARK,90620,12,3,3,0,0,0,0, $-   , $-   , $-   ,$0 ,0,0,0,0
4344,CA,Orange (County),BUENA PARK,90621,3,2,2,0,0,0,0, $-   , $-   , $-   ,$0 ,0,0,0,0
4344,CA,Orange (County),CAPISTRANO BEACH,92624,2,1,1,0,0,0,0, $-   , $-   , $-   ,$0 ,0,0,0,0
4344,CA,Orange (County),CORONA DEL MAR,92625,2,0,0,0,0,0,0, $-   , $-   , $-   ,$0 ,0,0,0,0
4344,CA,Orange (County),COSTA MESA,92626,16,10,10,0,0,0,2,"$1,000.00 ", $-   , $-   ,"$1,000 ",2,0,0,0
4344,CA,Orange (County),COSTA MESA,92627,4,1,1,0,0,0,0, $-   , $-   , $-   ,$0 ,0,0,0,0
4344,CA,Orange (County),CYPRESS,90630,8,5,5,0,0,0,2,"$1,000.00 ", $-   , $-   ,"$1,000 ",2,0,0,0
4344,CA,Orange (County),DANA POINT,92629,3,1,1,0,0,0,0, $-   , $-   , $-   ,$0 ,0,0,0,0
4344,CA,Orange (County),FOOTHILL RANCH,92610,3,2,2,0,0,0,0, $-   , $-   , $-   ,$0 ,0,0,0,0
4344,CA,Orange (County),FOUNTAIN VALLEY,92708,12,4,4,0,0,0,0, $-   , $-   , $-   ,$0 ,0,0,0,0
4344,CA,Orange (County),FULLERTON,92831,5,2,2,0,0,0,0, $-   , $-   , $-   ,$0 ,0,0,0,0
4344,CA,Orange (County),FULLERTON,92832,1,0,0,0,0,0,0, $-   , $-   , $-   ,$0 ,0,0,0,0
4344,CA,Orange (County),FULLERTON,92833,5,3,3,0,0,0,0, $-   , $-   , $-   ,$0 ,0,0,0,0
4344,CA,Orange (County),FULLERTON,92835,5,0,0,0,0,0,0, $-   , $-   , $-   ,$0 ,0,0,0,0
4344,CA,Orange (County),GARDEN GROVE,92840,9,5,5,0,0,0,0, $-   , $-   , $-   ,$0 ,0,0,0,0
4344,CA,Orange (County),GARDEN GROVE,92841,2,0,0,0,0,0,1,$500.00 , $-   , $-   ,$500 ,1,0,0,0
4344,CA,Orange (County),GARDEN GROVE,92843,5,1,1,0,0,0,1,$500.00 , $-   , $-   ,$500 ,1,0,0,0
4344,CA,Orange (County),GARDEN GROVE,92844,3,1,1,0,0,0,0, $-   , $-   , $-   ,$0 ,0,0,0,0
4344,CA,Orange (County),GARDEN GROVE,92845,2,1,1,0,0,0,0, $-   , $-   , $-   ,$0 ,0,0,0,0
4344,CA,Orange (County),HUNTINGTON BEACH,92646,14,4,4,0,0,0,0, $-   , $-   , $-   ,$0 ,0,0,0,0
4344,CA,Orange (County),HUNTINGTON BEACH,92647,10,4,4,0,0,0,2,"$1,000.00 ", $-   , $-   ,"$1,000 ",2,0,0,0
4344,CA,Orange (County),HUNTINGTON BEACH,92648,8,5,5,0,0,0,1,$500.00 , $-   , $-   ,$500 ,1,0,0,0
4344,CA,Orange (County),HUNTINGTON BEACH,92649,9,5,5,0,0,0,0, $-   , $-   , $-   ,$0 ,0,0,0,0
4344,CA,Orange (County),IRVINE,92602,3,1,1,0,0,0,0, $-   , $-   , $-   ,$0 ,0,0,0,0
4344,CA,Orange (County),IRVINE,92603,11,3,3,0,0,0,2,"$1,000.00 ", $-   , $-   ,"$1,000 ",2,0,0,0
4344,CA,Orange (County),IRVINE,92604,9,1,1,0,0,0,0, $-   , $-   , $-   ,$0 ,0,0,0,0
4344,CA,Orange (County),IRVINE,92606,6,3,3,0,0,0,0, $-   , $-   , $-   ,$0 ,0,0,0,0
4344,CA,Orange (County),IRVINE,92612,7,2,2,0,0,0,0, $-   , $-   , $-   ,$0 ,0,0,0,0
4344,CA,Orange (County),IRVINE,92614,2,1,1,0,0,0,0, $-   , $-   , $-   ,$0 ,0,0,0,0
4344,CA,Orange (County),IRVINE,92617,1,0,0,0,0,0,0, $-   , $-   , $-   ,$0 ,0,0,0,0
4344,CA,Orange (County),IRVINE,92618,5,4,4,0,0,0,0, $-   , $-   , $-   ,$0 ,0,0,0,0
4344,CA,Orange (County),IRVINE,92620,11,6,6,0,0,0,2,"$1,000.00 ", $-   , $-   ,"$1,000 ",2,0,0,0
4344,CA,Orange (County),LADERA RANCH,92694,9,4,4,0,0,0,0, $-   , $-   , $-   ,$0 ,0,0,0,0
4344,CA,Orange (County),LAGUNA BEACH,92651,15,10,10,0,0,0,0, $-   , $-   , $-   ,$0 ,0,0,0,0
4344,CA,Orange (County),LAGUNA HILLS,92653,3,1,1,0,0,0,0, $-   , $-   , $-   ,$0 ,0,0,0,0
4344,CA,Orange (County),LAGUNA HILLS,92656,1,0,0,0,0,0,0, $-   , $-   , $-   ,$0 ,0,0,0,0
4344,CA,Orange (County),LAGUNA NIGUEL,92677,14,9,9,0,0,0,1,$500.00 , $-   , $-   ,$500 ,1,0,0,0
4344,CA,Orange (County),LAGUNA WOODS,92637,4,1,1,0,0,0,1,$500.00 , $-   , $-   ,$500 ,1,0,0,0
4344,CA,Orange (County),LA HABRA,90631,8,3,3,0,0,0,0, $-   , $-   , $-   ,$0 ,0,0,0,0
4344,CA,Orange (County),LAKE FOREST,92630,6,2,2,0,0,0,1,$500.00 , $-   , $-   ,$500 ,1,0,0,0
4344,CA,Orange (County),LA PALMA,90623,3,1,1,0,0,0,0, $-   , $-   , $-   ,$0 ,0,0,0,0
4344,CA,Orange (County),LAS FLORES,92688,1,0,0,0,0,0,0, $-   , $-   , $-   ,$0 ,0,0,0,0
4344,CA,Orange (County),MISSION VIEJO,92691,8,2,2,0,0,0,0, $-   , $-   , $-   ,$0 ,0,0,0,0
4344,CA,Orange (County),MISSION VIEJO,92692,4,1,1,0,0,0,0, $-   , $-   , $-   ,$0 ,0,0,0,0
4344,CA,Orange (County),MISSION VIEJO,92694,4,2,2,0,0,0,0, $-   , $-   , $-   ,$0 ,0,0,0,0
4344,CA,Orange (County),NEWPORT BEACH,92660,13,4,4,0,0,0,0, $-   , $-   , $-   ,$0 ,0,0,0,0
4344,CA,Orange (County),NEWPORT BEACH,92661,1,1,1,0,0,0,0, $-   , $-   , $-   ,$0 ,0,0,0,0
4344,CA,Orange (County),NEWPORT BEACH,92663,3,1,1,0,0,0,0, $-   , $-   , $-   ,$0 ,0,0,0,0
4344,CA,Orange (County),NEWPORT COAST,92657,5,3,3,0,0,0,0, $-   , $-   , $-   ,$0 ,0,0,0,0
4344,CA,Orange (County),ORANGE,92862,3,0,0,0,0,0,0, $-   , $-   , $-   ,$0 ,0,0,0,0
4344,CA,Orange (County),ORANGE,92865,3,2,2,0,0,0,0, $-   , $-   , $-   ,$0 ,0,0,0,0
4344,CA,Orange (County),ORANGE,92866,3,2,2,0,0,0,0, $-   , $-   , $-   ,$0 ,0,0,0,0
4344,CA,Orange (County),ORANGE,92867,14,9,9,0,0,0,0, $-   , $-   , $-   ,$0 ,0,0,0,0
4344,CA,Orange (County),ORANGE,92868,4,3,3,0,0,0,0, $-   , $-   , $-   ,$0 ,0,0,0,0
4344,CA,Orange (County),ORANGE,92869,12,7,7,0,0,0,1,$500.00 , $-   , $-   ,$500 ,1,0,0,0
4344,CA,Orange (County),PLACENTIA,92870,9,4,4,0,0,0,1,$500.00 , $-   , $-   ,$500 ,1,0,0,0
4344,CA,Orange (County),RANCHO MISSION VIEJO,92694,3,1,1,0,0,0,0, $-   , $-   , $-   ,$0 ,0,0,0,0
4344,CA,Orange (County),RANCHO SANTA MARGARITA,92688,12,4,4,0,0,0,0, $-   , $-   , $-   ,$0 ,0,0,0,0
4344,CA,Orange (County),SAN CLEMENTE,92672,3,3,3,0,0,0,2,"$1,000.00 ", $-   , $-   ,"$1,000 ",2,0,0,0
4344,CA,Orange (County),SAN CLEMENTE,92673,6,3,3,0,0,0,0, $-   , $-   , $-   ,$0 ,0,0,0,0
4344,CA,Orange (County),SAN JUAN CAPISTRANO,92675,5,5,5,0,0,0,0, $-   , $-   , $-   ,$0 ,0,0,0,0
4344,CA,Orange (County),SANTA ANA,92701,4,1,1,0,0,0,0, $-   , $-   , $-   ,$0 ,0,0,0,0
4344,CA,Orange (County),SANTA ANA,92703,4,1,1,0,0,0,0, $-   , $-   , $-   ,$0 ,0,0,0,0
4344,CA,Orange (County),SANTA ANA,92704,6,2,2,0,0,0,0, $-   , $-   , $-   ,$0 ,0,0,0,0
4344,CA,Orange (County),SANTA ANA,92705,6,3,3,0,0,0,0, $-   , $-   , $-   ,$0 ,0,0,0,0
4344,CA,Orange (County),SANTA ANA,92706,2,1,1,0,0,0,0, $-   , $-   , $-   ,$0 ,0,0,0,0
4344,CA,Orange (County),SANTA ANA,92707,4,2,2,0,0,0,0, $-   , $-   , $-   ,$0 ,0,0,0,0
4344,CA,Orange (County),SEAL BEACH,90740,1,1,1,0,0,0,0, $-   , $-   , $-   ,$0 ,0,0,0,0
4344,CA,Orange (County),STANTON,90680,5,1,1,0,0,0,1,$500.00 , $-   , $-   ,$500 ,1,0,0,0
4344,CA,Orange (County),TRABUCO CANYO,92679,1,0,0,0,0,0,0, $-   , $-   , $-   ,$0 ,0,0,0,0
4344,CA,Orange (County),TRABUCO CANYON,92679,2,1,1,0,0,0,0, $-   , $-   , $-   ,$0 ,0,0,0,0
4344,CA,Orange (County),TUSTIN,92780,6,0,0,0,0,0,0, $-   , $-   , $-   ,$0 ,0,0,0,0
4344,CA,Orange (County),TUSTIN,92782,5,1,1,0,0,0,1,$500.00 , $-   , $-   ,$500 ,1,0,0,0
4344,CA,Orange (County),VILLA PARK,92861,2,1,1,0,0,0,0, $-   , $-   , $-   ,$0 ,0,0,0,0
4344,CA,Orange (County),WESTMINSTER,92683,12,5,5,0,0,0,0, $-   , $-   , $-   ,$0 ,0,0,0,0
4344,CA,Orange (County),YORBA LINDA,92886,5,3,3,0,0,0,1,$500.00 , $-   , $-   ,$500 ,1,0,0,0
4344,CA,Orange (County),YORBA LINDA,92887,4,2,2,0,0,0,0, $-   , $-   , $-   ,$0 ,0,0,0,0
4344,CA,Sonoma (County),BODEGA,94922,1,0,0,0,0,0,0, $-   , $-   , $-   ,$0 ,0,0,0,0
4344,CA,Sonoma (County),BODEGA BAY,94923,1,0,0,0,0,0,1,$500.00 , $-   , $-   ,$500 ,1,0,0,0
4344,CA,Sonoma (County),BOYES HOT SPRINGS,95476,3,3,3,0,0,0,0, $-   , $-   , $-   ,$0 ,0,0,0,0
4344,CA,Sonoma (County),CALISTOGA,94515,29,19,19,0,0,0,14,"$99,211.75 ", $-   ,"$63,579.26 ","$35,632 ",10,3,1,0
4344,CA,Sonoma (County),CALISTOGA,95405,1,1,1,0,0,0,0, $-   , $-   , $-   ,$0 ,0,0,0,0
4344,CA,Sonoma (County),CAMP MEEKER,95419,1,0,0,0,0,0,0, $-   , $-   , $-   ,$0 ,0,0,0,0
4344,CA,Sonoma (County),CLEARLAKE,95422,1,1,1,0,0,0,1,"$13,480.86 ", $-   ,"$2,840.00 ","$10,641 ",0,1,0,0
4344,CA,Sonoma (County),CLOVERDALE,95425,11,4,4,0,0,0,0, $-   , $-   , $-   ,$0 ,0,0,0,0
4344,CA,Sonoma (County),COTATI,94928,3,0,0,0,0,0,0, $-   , $-   , $-   ,$0 ,0,0,0,0
4344,CA,Sonoma (County),COTATI,94931,12,3,3,0,0,0,1,$500.00 , $-   , $-   ,$500 ,1,0,0,0
4344,CA,Sonoma (County),ELDRIDGE,95431,3,0,0,0,0,0,2,"$1,000.00 ", $-   , $-   ,"$1,000 ",2,0,0,0
4344,CA,Sonoma (County),EL VERANO,95433,1,0,0,0,0,0,0, $-   , $-   , $-   ,$0 ,0,0,0,0
4344,CA,Sonoma (County),FORESTHILL,95436,1,0,0,0,0,0,0, $-   , $-   , $-   ,$0 ,0,0,0,0
4344,CA,Sonoma (County),FORESTVILLE,95436,9,5,5,0,0,0,0, $-   , $-   , $-   ,$0 ,0,0,0,0
4344,CA,Sonoma (County),FOUNTIANGROVE,95302,1,1,1,0,0,0,0, $-   , $-   , $-   ,$0 ,0,0,0,0
4344,CA,Sonoma (County),FREESTONE,95472,1,0,0,0,0,0,0, $-   , $-   , $-   ,$0 ,0,0,0,0
4344,CA,Sonoma (County),FULTON,95439,7,0,0,0,0,0,0, $-   , $-   , $-   ,$0 ,0,0,0,0
4344,CA,Sonoma (County),GEYSERVILLE,95441,13,4,4,0,0,0,2,"$4,686.00 ", $-   ,"$3,686.00 ","$1,000 ",2,0,0,0
4344,CA,Sonoma (County),GLEN ELLEN,94322,1,0,0,0,0,0,0, $-   , $-   , $-   ,$0 ,0,0,0,0
4344,CA,Sonoma (County),GLEN ELLEN,95442,315,143,135,7,1,0,102,"$510,905.93 ", $-   ,"$284,561.35 ","$226,345 ",85,16,1,1
4344,CA,Sonoma (County),GLEN ELLEN,95443,1,0,0,0,0,0,0, $-   , $-   , $-   ,$0 ,0,0,0,0
4344,CA,Sonoma (County),GLENELLEN,95442,1,0,0,0,0,0,0, $-   , $-   , $-   ,$0 ,0,0,0,0
4344,CA,Sonoma (County),GUERNEVILLE,95446,12,4,4,0,0,0,0, $-   , $-   , $-   ,$0 ,0,0,0,0
4344,CA,Sonoma (County),HEALDSBURG,95448,34,11,11,0,0,0,2,"$1,000.00 ", $-   , $-   ,"$1,000 ",2,0,0,0
4344,CA,Sonoma (County),KENWOOD,95404,1,1,1,0,0,0,0, $-   , $-   , $-   ,$0 ,0,0,0,0
4344,CA,Sonoma (County),KENWOOD,95409,3,2,2,0,0,0,1,"$2,840.00 ", $-   ,"$2,840.00 ",$0 ,1,0,0,0
4344,CA,Sonoma (County),KENWOOD,95452,87,41,38,3,0,0,28,"$189,275.39 ", $-   ,"$77,499.19 ","$111,776 ",20,7,1,1
4344,CA,Sonoma (County),KENWOOOD,95452,1,1,1,0,0,0,1,"$13,002.58 ", $-   ,"$2,840.00 ","$10,163 ",0,1,0,0
4344,CA,Sonoma (County),LARKFIELD,95403,6,3,3,0,0,0,2,"$1,000.00 ", $-   , $-   ,"$1,000 ",2,0,0,0
4344,CA,Sonoma (County),LARKFIELD-WIKIUP,95403,1,1,1,0,0,0,1,"$6,029.00 ", $-   ,"$5,529.00 ",$500 ,1,0,0,0
4344,CA,Sonoma (County),LOS ANGELES,91601,1,0,0,0,0,0,0, $-   , $-   , $-   ,$0 ,0,0,0,0
4344,CA,Sonoma (County),MONTE RIO,95462,4,2,2,0,0,0,0, $-   , $-   , $-   ,$0 ,0,0,0,0
4344,CA,Sonoma (County),MONTE RIO,95486,1,1,1,0,0,0,0, $-   , $-   , $-   ,$0 ,0,0,0,0
4344,CA,Sonoma (County),OCCIDENTAL,95465,2,1,1,0,0,0,0, $-   , $-   , $-   ,$0 ,0,0,0,0
4344,CA,Sonoma (County),PENNGROVE,94951,8,1,1,0,0,0,0, $-   , $-   , $-   ,$0 ,0,0,0,0
4344,CA,Sonoma (County),PETALUMA,94952,27,11,11,0,0,0,1,$500.00 , $-   , $-   ,$500 ,1,0,0,0
4344,CA,Sonoma (County),PETALUMA,94954,46,14,14,0,0,0,1,$500.00 , $-   , $-   ,$500 ,1,0,0,0
4344,CA,Sonoma (County),ROHNERT PARK,94928,71,21,21,0,0,0,5,"$4,840.00 ", $-   ,"$2,840.00 ","$2,000 ",5,0,0,0
4344,CA,Sonoma (County),SAN ROSA,95403,1,0,0,0,0,0,0, $-   , $-   , $-   ,$0 ,0,0,0,0
4344,CA,Sonoma (County),SANTA ROS,95409,1,0,0,0,0,0,0, $-   , $-   , $-   ,$0 ,0,0,0,0
4344,CA,Sonoma (County),SANTA ROSA,5403,1,1,1,0,0,0,0, $-   , $-   , $-   ,$0 ,0,0,0,0
4344,CA,Sonoma (County),SANTA ROSA,94503,1,1,1,0,0,0,0, $-   , $-   , $-   ,$0 ,0,0,0,0
4344,CA,Sonoma (County),SANTA ROSA,94928,1,1,1,0,0,0,0, $-   , $-   , $-   ,$0 ,0,0,0,0
4344,CA,Sonoma (County),SANTA ROSA,94947,1,0,0,0,0,0,0, $-   , $-   , $-   ,$0 ,0,0,0,0
4344,CA,Sonoma (County),SANTA ROSA,95400,1,0,0,0,0,0,0, $-   , $-   , $-   ,$0 ,0,0,0,0
4344,CA,Sonoma (County),SANTA ROSA,95401,313,81,78,2,1,0,32,"$37,514.03 ", $-   ,"$14,472.00 ","$23,042 ",32,0,0,0
4344,CA,Sonoma (County),SANTA ROSA,95402,2,1,1,0,0,0,0, $-   , $-   , $-   ,$0 ,0,0,0,0
4344,CA,Sonoma (County),SANTA ROSA,95403,2795,1317,1264,38,15,0,1006,"$4,678,897.79 ", $-   ,"$2,418,634.29 ","$2,260,264 ",863,134,9,2
4344,CA,Sonoma (County),SANTA ROSA,95404,840,414,408,5,1,0,288,"$1,495,404.38 ","$4,313.82 ","$842,619.49 ","$648,471 ",249,36,3,3
4344,CA,Sonoma (County),SANTA ROSA,95405,229,55,53,2,0,0,30,"$28,638.47 ", $-   ,"$11,042.00 ","$17,596 ",30,0,0,0
4344,CA,Sonoma (County),SANTA ROSA,95406,1,1,1,0,0,0,1,"$2,840.00 ", $-   ,"$2,840.00 ",$0 ,1,0,0,0
4344,CA,Sonoma (County),SANTA ROSA,95407,155,48,48,0,0,0,14,"$15,132.07 ", $-   ,"$2,840.00 ","$12,292 ",14,0,0,0
4344,CA,Sonoma (County),SANTA ROSA,95409,517,136,136,0,0,0,109,"$127,302.91 ", $-   ,"$40,245.05 ","$87,058 ",106,3,0,0
4344,CA,Sonoma (County),SANTA ROSA,95437,1,1,1,0,0,0,1,"$2,840.00 ", $-   ,"$2,840.00 ",$0 ,1,0,0,0
4344,CA,Sonoma (County),SANTA ROSA,95494,1,0,0,0,0,0,0, $-   , $-   , $-   ,$0 ,0,0,0,0
4344,CA,Sonoma (County),SANTA ROSA,95498,1,0,0,0,0,0,1,$500.00 , $-   , $-   ,$500 ,1,0,0,0
4344,CA,Sonoma (County),SANTA ROSA CA,95401,1,0,0,0,0,0,0, $-   , $-   , $-   ,$0 ,0,0,0,0
4344,CA,Sonoma (County),SANTA ROSE,95403,1,1,1,0,0,0,1,"$4,847.25 ", $-   ,"$2,840.00 ","$2,007 ",1,0,0,0
4344,CA,Sonoma (County),SANT ROSA,95409,1,1,1,0,0,0,0, $-   , $-   , $-   ,$0 ,0,0,0,0
4344,CA,Sonoma (County),SEBASTOPOL,95472,32,6,6,0,0,0,2,"$1,000.00 ", $-   , $-   ,"$1,000 ",2,0,0,0
4344,CA,Sonoma (County),SONOMA,95476,722,189,186,2,1,0,95,"$83,050.20 ", $-   ,"$17,409.00 ","$65,641 ",94,1,0,0
4344,CA,Sonoma (County),SONOMA,96476,1,0,0,0,0,0,1,$500.00 , $-   , $-   ,$500 ,1,0,0,0
4344,CA,Sonoma (County),SONOMA CA,95476,1,0,0,0,0,0,0, $-   , $-   , $-   ,$0 ,0,0,0,0
4344,CA,Sonoma (County),WINDSOR,94592,1,0,0,0,0,0,0, $-   , $-   , $-   ,$0 ,0,0,0,0
4344,CA,Sonoma (County),WINDSOR,95492,72,19,19,0,0,0,13,"$15,550.75 ", $-   ,"$5,680.00 ","$9,871 ",13,0,0,0
4344,CA,Yuba (County),ARYSVILLE,95901,1,0,0,0,0,0,1,$500.00 , $-   , $-   ,$500 ,1,0,0,0
4344,CA,Yuba (County),BEALE AFB,95903,2,1,1,0,0,0,0, $-   , $-   , $-   ,$0 ,0,0,0,0
4344,CA,Yuba (County),BROWNS VALLEY,95918,6,2,2,0,0,0,2,"$8,919.46 ", $-   ,"$1,356.00 ","$7,563 ",2,0,0,0
4344,CA,Yuba (County),DOBBINS,95935,1,1,1,0,0,0,0, $-   , $-   , $-   ,$0 ,0,0,0,0
4344,CA,Yuba (County),LINDA,95961,1,1,1,0,0,0,0, $-   , $-   , $-   ,$0 ,0,0,0,0
4344,CA,Yuba (County),LOMA RICA,95901,17,11,11,0,0,0,10,"$74,658.70 ", $-   ,"$12,988.29 ","$61,670 ",7,3,0,0
4344,CA,Yuba (County),MARYSVILLE,95901,93,55,55,0,0,0,36,"$181,219.25 ", $-   ,"$46,698.00 ","$134,521 ",30,6,0,0
4344,CA,Yuba (County),OLIVEHURST,95961,7,1,1,0,0,0,0, $-   , $-   , $-   ,$0 ,0,0,0,0
4344,CA,Yuba (County),OREGON HOUSE,95962,2,0,0,0,0,0,0, $-   , $-   , $-   ,$0 ,0,0,0,0
4344,CA,Yuba (County),RACKERBY,95972,2,0,0,0,0,0,0, $-   , $-   , $-   ,$0 ,0,0,0,0
4344,CA,Yuba (County),RANCHO CUCAMONGA,91730,1,1,1,0,0,0,0, $-   , $-   , $-   ,$0 ,0,0,0,0
4344,CA,Yuba (County),WHEATLAND,95692,1,0,0,0,0,0,0, $-   , $-   , $-   ,$0 ,0,0,0,0
4240,CA,Calaveras (County),ANGELS CAMP,95222,2,0,0,0,0,0,0, $-   , $-   , $-   ,$0 ,0,0,0,0
4240,CA,Calaveras (County),ARNOLD,95223,5,2,2,0,0,0,1,"$1,410.00 ", $-   ,"$1,410.00 ",$0 ,1,0,0,0
4240,CA,Calaveras (County),GLENCOE,95232,7,4,3,1,0,0,2,"$12,430.00 ", $-   ,"$1,764.00 ","$10,666 ",1,1,0,0
4240,CA,Calaveras (County),MOKEHILL,95245,1,1,1,0,0,0,1,"$11,954.77 ", $-   ,"$1,410.00 ","$10,545 ",0,1,0,0
4240,CA,Calaveras (County),MOKELULMNE HILL,95245,1,1,1,0,0,0,1,"$13,360.26 ", $-   ,"$1,410.00 ","$11,950 ",0,1,0,0
4240,CA,Calaveras (County),MOKELUMNE,95245,1,1,1,0,0,0,1,"$1,910.00 ", $-   ,"$1,410.00 ",$500 ,1,0,0,0
4240,CA,Calaveras (County),MOKELUMNE HILL,95245,111,93,89,4,0,0,58,"$408,165.81 ", $-   ,"$107,262.25 ","$300,904 ",43,15,0,0
4240,CA,Calaveras (County),MOUNTAIN RANCH,95245,8,8,8,0,0,0,7,"$43,644.28 ", $-   ,"$13,214.00 ","$30,430 ",6,1,0,0
4240,CA,Calaveras (County),MOUNTAIN RANCH,95246,106,99,95,3,1,0,75,"$531,222.87 ", $-   ,"$133,661.55 ","$397,561 ",54,21,0,0
4240,CA,Calaveras (County),MOUNTIAN RANCH,95246,1,1,1,0,0,0,1,"$2,471.62 ", $-   , $-   ,"$2,472 ",1,0,0,0
4240,CA,Calaveras (County),MURPHYS,95247,2,1,1,0,0,0,0, $-   , $-   , $-   ,$0 ,0,0,0,0
4240,CA,Calaveras (County),RAIL ROAD FLAT,95245,7,6,6,0,0,0,2,"$20,450.84 ", $-   ,"$2,820.00 ","$17,631 ",1,1,0,0
4240,CA,Calaveras (County),RAIL ROAD FLAT,95248,9,4,4,0,0,0,0, $-   , $-   , $-   ,$0 ,0,0,0,0
4240,CA,Calaveras (County),RAILROAD FLAT,95248,1,1,1,0,0,0,0, $-   , $-   , $-   ,$0 ,0,0,0,0
4240,CA,Calaveras (County),RAILR ROAD FLAT,95248,1,1,1,0,0,0,0, $-   , $-   , $-   ,$0 ,0,0,0,0
4240,CA,Calaveras (County),SAN ANDREAS,95249,27,15,14,1,0,0,4,"$33,487.18 ", $-   ,"$6,476.00 ","$27,011 ",2,2,0,0
4240,CA,Calaveras (County),SAN ANDRES,95249,2,1,1,0,0,0,0, $-   , $-   , $-   ,$0 ,0,0,0,0
4240,CA,Calaveras (County),SHEEP RANCH,95246,1,1,1,0,0,0,0, $-   , $-   , $-   ,$0 ,0,0,0,0
4240,CA,Calaveras (County),VALLEY SPRINGS,95252,3,0,0,0,0,0,0, $-   , $-   , $-   ,$0 ,0,0,0,0
4240,CA,Calaveras (County),WEST POINT,95255,7,2,2,0,0,0,1,"$1,410.00 ", $-   ,"$1,410.00 ",$0 ,1,0,0,0
4240,CA,Calaveras (County),WILSEYVILLE,95257,2,1,1,0,0,0,0, $-   , $-   , $-   ,$0 ,0,0,0,0
4240,CA,Lake (County),CLEARLAKE,95422,12,7,7,0,0,0,3,"$2,966.16 ", $-   , $-   ,"$2,966 ",3,0,0,0
4240,CA,Lake (County),COBB,95422,1,1,1,0,0,0,0, $-   , $-   , $-   ,$0 ,0,0,0,0
4240,CA,Lake (County),COBB,95426,243,194,188,4,2,0,125,"$1,100,643.92 ", $-   ,"$413,840.99 ","$686,803 ",79,36,10,4
4240,CA,Lake (County),COBB,95462,1,1,1,0,0,0,0, $-   , $-   , $-   ,$0 ,0,0,0,0
4240,CA,Lake (County),HIDDEN VALLEY CALIF,95467,1,0,0,0,0,0,0, $-   , $-   , $-   ,$0 ,0,0,0,0
4240,CA,Lake (County),HIDDEN VALLEY LAKE,95467,183,130,113,17,0,0,58,"$258,768.00 ", $-   ,"$79,081.60 ","$179,686 ",50,8,0,0
4240,CA,Lake (County),HIDDEN VALLEY LAKE CA,95467,1,1,1,0,0,0,1,"$1,434.00 ", $-   ,"$1,434.00 ",$0 ,1,0,0,0
4240,CA,Lake (County),HIDDEN VALLY LAKE,95467,1,1,1,0,0,0,0, $-   , $-   , $-   ,$0 ,0,0,0,0
4240,CA,Lake (County),HIDDEN VL LK,95467,1,0,0,0,0,0,0, $-   , $-   , $-   ,$0 ,0,0,0,0
4240,CA,Lake (County),HVL,95467,1,0,0,0,0,0,0, $-   , $-   , $-   ,$0 ,0,0,0,0
4240,CA,Lake (County),KELSEYVILE,95451,1,0,0,0,0,0,0, $-   , $-   , $-   ,$0 ,0,0,0,0
4240,CA,Lake (County),KELSEYVILLE,95451,22,7,7,0,0,0,1,"$1,920.00 ", $-   ,"$1,920.00 ",$0 ,1,0,0,0
4240,CA,Lake (County),LAKEPORT,95453,5,1,1,0,0,0,0, $-   , $-   , $-   ,$0 ,0,0,0,0
4240,CA,Lake (County),LOCHLOMAND,95426,1,0,0,0,0,0,0, $-   , $-   , $-   ,$0 ,0,0,0,0
4240,CA,Lake (County),LOCH LOMOND,95426,1,0,0,0,0,0,0, $-   , $-   , $-   ,$0 ,0,0,0,0
4240,CA,Lake (County),LOCH LOMOND,95461,6,5,5,0,0,0,3,"$21,385.93 ", $-   ,"$5,638.00 ","$15,748 ",2,1,0,0
4240,CA,Lake (County),LOWER LAKE,95457,24,14,13,1,0,0,5,"$20,074.96 ", $-   ,"$7,072.00 ","$13,003 ",5,0,0,0
4240,CA,Lake (County),MIDDLETON,95461,1,1,1,0,0,0,0, $-   , $-   , $-   ,$0 ,0,0,0,0
4240,CA,Lake (County),MIDDLETOWM,95461,1,1,1,0,0,0,1,"$1,818.26 ", $-   ,$717.00 ,"$1,101 ",1,0,0,0
4240,CA,Lake (County),MIDDLETOWN,95401,1,0,0,0,0,0,0, $-   , $-   , $-   ,$0 ,0,0,0,0
4240,CA,Lake (County),MIDDLETOWN,95461,615,539,517,20,2,0,405,"$2,975,503.74 ", $-   ,"$1,038,678.23 ","$1,936,826 ",295,101,9,3
4240,CA,Lake (County),MIDDLETOWN,95462,1,0,0,0,0,0,0, $-   , $-   , $-   ,$0 ,0,0,0,0
4240,CA,Lake (County),MIDDLETOWN ROAD,95461,1,1,1,0,0,0,1,"$9,652.00 ", $-   ,"$1,434.00 ","$8,218 ",1,0,0,0
4240,CA,Lake (County),NICE,95464,1,0,0,0,0,0,0, $-   , $-   , $-   ,$0 ,0,0,0,0
4240,CA,Lake (County),POPE VALLEY,94567,1,0,0,0,0,0,0, $-   , $-   , $-   ,$0 ,0,0,0,0
4240,CA,Lake (County),SANTA ROSA,95404,1,0,0,0,0,0,0, $-   , $-   , $-   ,$0 ,0,0,0,0
4240,CA,Lake (County),UPPER LAKE,95485,1,1,1,0,0,0,0, $-   , $-   , $-   ,$0 ,0,0,0,0
4193,CA,Napa (County),AMERICAN CANYON,94503,31,28,24,4,0,0,18,"$24,751.07 ", $-   ,"$13,924.00 ","$10,827 ",18,0,0,0
4193,CA,Napa (County),AMERICAN CYN,94503,1,0,0,0,0,0,0, $-   , $-   , $-   ,$0 ,0,0,0,0
4193,CA,Napa (County),NAPA,94558,643,533,487,42,4,0,331,"$389,140.63 ", $-   ,"$82,002.00 ","$307,139 ",329,2,0,0
4193,CA,Napa (County),NAPA,94559,426,340,275,39,26,0,206,"$336,807.09 ", $-   ,"$169,875.74 ","$166,931 ",202,3,1,0
4193,CA,Napa (County),SAN FRANCISCO,94102,1,1,1,0,0,0,0, $-   , $-   , $-   ,$0 ,0,0,0,0
4193,CA,Napa (County),SONOMA,95476,1,1,1,0,0,0,0, $-   , $-   , $-   ,$0 ,0,0,0,0
4193,CA,Napa (County),YOUNTVILLE,94599,3,2,0,2,0,0,1,"$5,356.04 ", $-   ,"$5,213.14 ",$143 ,1,0,0,0
4193,CA,Solano (County),BENICIA,94510,5,4,4,0,0,0,1,$268.88 , $-   , $-   ,$269 ,1,0,0,0
4193,CA,Solano (County),DIXON,95620,1,1,1,0,0,0,0, $-   , $-   , $-   ,$0 ,0,0,0,0
4193,CA,Solano (County),ELMIRA,95625,1,1,1,0,0,0,0, $-   , $-   , $-   ,$0 ,0,0,0,0
4193,CA,Solano (County),FAIRFIELD,94533,22,15,15,0,0,0,9,"$4,172.17 ", $-   , $-   ,"$4,172 ",9,0,0,0
4193,CA,Solano (County),NAPA,94558,3,2,2,0,0,0,1,$606.33 , $-   , $-   ,$606 ,1,0,0,0
4193,CA,Solano (County),NAPA,94559,2,2,2,0,0,0,2,"$1,661.61 ", $-   , $-   ,"$1,662 ",2,0,0,0
4193,CA,Solano (County),SUISUN CITY,94585,5,4,4,0,0,0,1,"$1,480.22 ", $-   , $-   ,"$1,480 ",1,0,0,0
4193,CA,Solano (County),VACAVILLE,95687,3,3,3,0,0,0,0, $-   , $-   , $-   ,$0 ,0,0,0,0
4193,CA,Solano (County),VACAVILLE,95688,2,2,2,0,0,0,2,$676.64 , $-   , $-   ,$677 ,2,0,0,0
4193,CA,Solano (County),VALLEJO,94589,172,164,159,5,0,0,86,"$52,247.59 ", $-   ,"$9,044.00 ","$43,204 ",86,0,0,0
4193,CA,Solano (County),VALLEJO,94590,431,406,376,28,2,0,244,"$177,576.41 ", $-   ,"$85,358.28 ","$92,218 ",242,2,0,0
4193,CA,Solano (County),VALLEJO,94591,115,102,100,1,1,0,52,"$30,509.60 ", $-   ,"$5,486.00 ","$25,024 ",52,0,0,0
4193,CA,Solano (County),VALLEJO,94592,2,2,1,1,0,0,1,"$1,928.00 ", $-   ,"$1,928.00 ",$0 ,1,0,0,0
4382,CA,Lake (County),CLEARLAKE,95422,9,6,6,0,0,0,0, $-   , $-   , $-   ,$0 ,0,0,0,0
4382,CA,Lake (County),CLEARLAKE OAKS,95423,53,31,30,0,1,0,11,"$63,214.95 ", $-   ,"$13,526.00 ","$49,689 ",8,3,0,0
4382,CA,Lake (County),COBB,95426,1,1,1,0,0,0,0, $-   , $-   , $-   ,$0 ,0,0,0,0
4382,CA,Lake (County),FINLEY,95435,1,0,0,0,0,0,0, $-   , $-   , $-   ,$0 ,0,0,0,0
4382,CA,Lake (County),GLENHAVEN,95443,4,3,3,0,0,0,0, $-   , $-   , $-   ,$0 ,0,0,0,0
4382,CA,Lake (County),KELSEYVILLE,95451,22,10,10,0,0,0,0, $-   , $-   , $-   ,$0 ,0,0,0,0
4382,CA,Lake (County),LAKE PILLSBURY,95485,1,1,0,1,0,0,0, $-   , $-   , $-   ,$0 ,0,0,0,0
4382,CA,Lake (County),LAKEPORT,95453,123,51,51,0,0,0,6,"$54,725.44 ", $-   ,"$13,180.08 ","$41,545 ",4,2,0,0
4382,CA,Lake (County),LOWER LAKE,95457,2,1,1,0,0,0,0, $-   , $-   , $-   ,$0 ,0,0,0,0
4382,CA,Lake (County),LUCERNE,95458,94,49,49,0,0,0,2,"$2,565.00 ", $-   ,"$2,115.00 ",$450 ,2,0,0,0
4382,CA,Lake (County),LURCERNE,95458,1,0,0,0,0,0,0, $-   , $-   , $-   ,$0 ,0,0,0,0
4382,CA,Lake (County),NICE,95464,82,47,47,0,0,0,0, $-   , $-   , $-   ,$0 ,0,0,0,0
4382,CA,Lake (County),NICE,95485,2,1,1,0,0,0,0, $-   , $-   , $-   ,$0 ,0,0,0,0
4382,CA,Lake (County),POTTER VALLEY,95469,3,1,1,0,0,0,0, $-   , $-   , $-   ,$0 ,0,0,0,0
4382,CA,Lake (County),UKIAH,95482,1,1,1,0,0,0,1,"$21,094.72 ", $-   ,"$2,660.00 ","$18,435 ",0,1,0,0
4382,CA,Lake (County),UPPER LAKE,95453,1,0,0,0,0,0,0, $-   , $-   , $-   ,$0 ,0,0,0,0
4382,CA,Lake (County),UPPER LAKE,95485,101,62,60,2,0,0,22,"$153,959.17 ", $-   ,"$51,162.70 ","$102,796 ",17,4,1,0
4382,CA,Lake (County),UPPER LAKE,95493,1,1,1,0,0,0,1,"$3,968.83 ", $-   ,"$1,410.00 ","$2,559 ",1,0,0,0
4382,CA,Lake (County),UPPERLAKE,95485,1,0,0,0,0,0,0, $-   , $-   , $-   ,$0 ,0,0,0,0
4382,CA,Lake (County),WITTER SPRINGS,95493,8,7,7,0,0,0,3,"$2,939.62 ", $-   ,"$2,880.00 ",$60 ,3,0,0,0
4382,CA,Shasta (County),ANDERSON,96007,38,30,30,0,0,0,0, $-   , $-   , $-   ,$0 ,0,0,0,0
4382,CA,Shasta (County),BELLA VISTA,96008,1,1,1,0,0,0,0, $-   , $-   , $-   ,$0 ,0,0,0,0
4382,CA,Shasta (County),BURNEY,96013,5,0,0,0,0,0,0, $-   , $-   , $-   ,$0 ,0,0,0,0
4382,CA,Shasta (County),CASTELLA,96017,1,1,1,0,0,0,0, $-   , $-   , $-   ,$0 ,0,0,0,0
4382,CA,Shasta (County),CITY OF SHASTA LAKE,96019,1,0,0,0,0,0,0, $-   , $-   , $-   ,$0 ,0,0,0,0
4382,CA,Shasta (County),COMPTON,90221,1,1,1,0,0,0,0, $-   , $-   , $-   ,$0 ,0,0,0,0
4382,CA,Shasta (County),COTTONWOOD,96022,10,8,8,0,0,0,0, $-   , $-   , $-   ,$0 ,0,0,0,0
4382,CA,Shasta (County),FALL RIVER MILLS,96028,2,1,1,0,0,0,0, $-   , $-   , $-   ,$0 ,0,0,0,0
4382,CA,Shasta (County),FRENCH GULCH,96033,43,32,31,1,0,0,15,"$84,614.33 ", $-   ,"$25,906.00 ","$58,708 ",12,3,0,0
4382,CA,Shasta (County),IGO,96047,19,12,12,0,0,0,2,"$13,677.93 ", $-   ,"$2,852.00 ","$10,826 ",1,1,0,0
4382,CA,Shasta (County),LAKE ELSINORE,92530,1,1,1,0,0,0,0, $-   , $-   , $-   ,$0 ,0,0,0,0
4382,CA,Shasta (County),LAKEHEAD,96051,12,6,6,0,0,0,0, $-   , $-   , $-   ,$0 ,0,0,0,0
4382,CA,Shasta (County),LEWISTON,96052,1,1,1,0,0,0,1,$915.00 , $-   ,$915.00 ,$0 ,1,0,0,0
4382,CA,Shasta (County),LOS ANGELES,90210,1,1,1,0,0,0,0, $-   , $-   , $-   ,$0 ,0,0,0,0
4382,CA,Shasta (County),MCARTHUR,96056,1,1,1,0,0,0,0, $-   , $-   , $-   ,$0 ,0,0,0,0
4382,CA,Shasta (County),MILLVILLE,96062,1,1,1,0,0,0,0, $-   , $-   , $-   ,$0 ,0,0,0,0
4382,CA,Shasta (County),MOUNT SHASTA,96067,2,1,1,0,0,0,0, $-   , $-   , $-   ,$0 ,0,0,0,0
4382,CA,Shasta (County),OLD SHASTA,96087,1,1,0,1,0,0,1,"$2,873.85 ", $-   ,"$1,426.00 ","$1,448 ",1,0,0,0
4382,CA,Shasta (County),OLD STATION,96071,2,2,2,0,0,0,0, $-   , $-   , $-   ,$0 ,0,0,0,0
4382,CA,Shasta (County),PALO CEDRO,96073,2,2,2,0,0,0,0, $-   , $-   , $-   ,$0 ,0,0,0,0
4382,CA,Shasta (County),PIEDMONT,94611,1,1,1,0,0,0,0, $-   , $-   , $-   ,$0 ,0,0,0,0
4382,CA,Shasta (County),REDDING,96001,404,271,270,1,0,0,100,"$853,096.78 ", $-   ,"$260,062.98 ","$593,034 ",65,32,3,0
4382,CA,Shasta (County),REDDING,96002,84,50,50,0,0,0,0, $-   , $-   , $-   ,$0 ,0,0,0,0
4382,CA,Shasta (County),REDDING,96003,361,200,198,2,0,0,59,"$383,282.48 ", $-   ,"$119,274.56 ","$264,008 ",41,18,0,0
4382,CA,Shasta (County),SAN MARCOS,92069,1,1,1,0,0,0,0, $-   , $-   , $-   ,$0 ,0,0,0,0
4382,CA,Shasta (County),SHASTA,96087,93,75,72,3,0,0,41,"$229,611.04 ", $-   ,"$76,800.07 ","$152,811 ",34,7,0,0
4382,CA,Shasta (County),SHASTA LAKE,96019,77,41,41,0,0,0,0, $-   , $-   , $-   ,$0 ,0,0,0,0
4382,CA,Shasta (County),SHINGLETOWN,96088,6,5,5,0,0,0,0, $-   , $-   , $-   ,$0 ,0,0,0,0
4382,CA,Shasta (County),TRABUCO,92679,1,0,0,0,0,0,0, $-   , $-   , $-   ,$0 ,0,0,0,0
4382,CA,Shasta (County),WHISKEYTOWN,96095,9,8,8,0,0,0,6,"$13,525.16 ", $-   ,"$7,534.00 ","$5,991 ",6,0,0,0
4382,CA,Shasta (County),WHITMORE,96096,1,1,1,0,0,0,0, $-   , $-   , $-   ,$0 ,0,0,0,0
